aX,aY,aZ,gX,gY,gZ
0.243,-0.933,0.732,48.279,-39.429,-19.897
0.219,-0.77,0.685,39.673,-42.603,-19.592
0.181,-0.753,0.651,33.997,-45.41,-18.494
0.176,-0.835,0.651,26.245,-49.133,-13.977
0.121,-0.75,0.705,41.26,-47.058,-9.216
0.115,-0.739,0.759,69.031,-39.307,-3.601
0.133,-0.847,0.778,99.426,-29.785,3.784
0.151,-0.998,0.741,120.605,-21.606,10.681
0.175,-1.103,0.694,124.512,-17.822,14.038
0.217,-1.116,0.647,113.708,-17.822,16.052
0.247,-1.108,0.594,97.839,-18.86,18.25
0.251,-1.104,0.578,82.214,-20.325,21.118
0.25,-1.058,0.579,72.571,-20.996,24.963
0.236,-1.002,0.61,69.214,-20.142,28.503
0.218,-0.978,0.626,72.144,-17.761,32.227
0.221,-0.977,0.636,81.238,-13.672,37.109
0.222,-0.999,0.645,91.003,-9.216,42.297
0.229,-1.007,0.639,98.572,-5.31,47.18
0.24,-1.028,0.622,101.807,-2.014,51.697
0.257,-1.029,0.578,104.187,0.854,56.458
0.271,-1.024,0.54,103.577,3.235,61.34
0.28,-1.013,0.493,103.882,4.7,65.613
0.288,-1,0.443,105.103,5.859,70.007
0.301,-1.02,0.419,103.394,6.042,73.792
0.338,-1.061,0.421,97.351,5.005,76.965
0.356,-1.051,0.42,88.623,2.38,79.529
0.35,-1.033,0.411,79.895,-1.038,81.36
0.342,-0.986,0.418,75.134,-3.296,83.191
0.324,-0.934,0.429,77.209,-3.723,85.327
0.313,-0.909,0.415,83.374,-2.991,87.036
0.337,-0.889,0.375,88.867,-1.648,87.341
0.363,-0.88,0.338,93.445,-1.404,86.487
0.391,-0.909,0.287,94.971,-2.319,84.412
0.419,-0.93,0.259,94.666,-4.15,82.886
0.429,-0.932,0.252,93.994,-6.836,82.153
0.434,-0.935,0.261,91.248,-9.827,81.36
0.418,-0.924,0.304,86.365,-13,79.651
0.396,-0.918,0.329,82.214,-15.503,78.125
0.402,-0.925,0.33,78.308,-16.663,77.393
0.386,-0.878,0.315,74.463,-16.296,76.538
0.371,-0.812,0.27,73.12,-16.113,74.463
0.378,-0.798,0.248,71.167,-16.541,71.228
0.397,-0.822,0.224,65.735,-17.944,68.909
0.415,-0.83,0.194,56.274,-20.325,67.017
0.432,-0.808,0.195,44.739,-22.461,64.209
0.413,-0.762,0.188,37.598,-23.987,61.462
0.427,-0.772,0.195,33.875,-24.78,58.289
0.433,-0.762,0.205,30.334,-25.879,54.565
0.417,-0.755,0.219,27.344,-26.978,51.147
0.425,-0.75,0.233,23.865,-27.466,47.668
0.427,-0.732,0.243,20.081,-27.344,44.067
0.409,-0.721,0.253,16.785,-27.039,40.466
0.407,-0.71,0.252,13.611,-26.672,37.292
0.403,-0.702,0.248,12.39,-26.062,33.875
0.39,-0.673,0.235,14.16,-25.269,30.823
0.402,-0.678,0.24,17.334,-24.353,27.588
0.39,-0.692,0.234,19.714,-23.437,24.78
0.391,-0.711,0.2,21.667,-22.888,22.583
0.412,-0.744,0.182,21.545,-21.118,20.996
0.412,-0.752,0.186,19.287,-19.531,19.897
0.423,-0.757,0.194,17.151,-18.188,18.677
0.446,-0.772,0.193,14.587,-16.296,17.151
0.461,-0.766,0.201,12.451,-14.465,15.869
0.476,-0.771,0.199,12.146,-12.878,14.465
0.485,-0.771,0.2,10.193,-11.719,12.756
0.478,-0.772,0.206,6.042,-10.803,11.475
0.504,-0.773,0.203,1.343,-9.705,10.498
0.514,-0.777,0.198,-4.15,-9.949,9.277
0.525,-0.783,0.183,-11.047,-9.949,8.118
0.552,-0.766,0.193,-19.287,-10.315,7.202
0.551,-0.689,0.214,-22.278,-10.925,5.859
0.525,-0.695,0.239,-16.357,-10.254,3.296
0.533,-0.723,0.259,-7.08,-7.385,1.099
0.533,-0.773,0.255,2.136,-4.822,-0.427
0.537,-0.822,0.243,8.301,-2.686,-1.038
0.541,-0.846,0.236,10.437,-1.16,-1.038
0.543,-0.868,0.224,9.705,-0.366,-1.16
0.543,-0.873,0.219,6.348,-0.244,-0.916
0.544,-0.87,0.225,1.831,-0.671,-0.305
0.547,-0.856,0.225,-2.075,-1.038,0
0.556,-0.83,0.214,-3.418,-0.916,0.061
0.56,-0.825,0.197,-0.427,-0.854,-0.061
0.559,-0.839,0.185,3.357,-0.671,-0.61
0.562,-0.858,0.177,5.554,-0.916,-0.61
0.561,-0.877,0.173,6.714,-1.099,-0.305
0.558,-0.875,0.174,5.859,-1.648,0.122
0.563,-0.873,0.169,3.967,-2.197,0.61
0.57,-0.868,0.162,1.587,-2.502,0.977
0.568,-0.857,0.172,-1.16,-3.052,1.465
0.565,-0.841,0.185,-3.052,-3.906,2.075
0.561,-0.825,0.204,-3.052,-4.395,2.258
0.56,-0.817,0.216,-1.77,-4.272,2.075
0.559,-0.825,0.219,-0.549,-3.967,1.648
0.56,-0.839,0.221,-0.61,-3.479,1.221
0.561,-0.831,0.232,-1.465,-3.296,0.793
0.558,-0.832,0.232,-0.549,-3.113,0.671
0.544,-0.835,0.219,1.709,-2.747,0.916
0.549,-0.838,0.204,3.357,-2.319,0.977
0.551,-0.844,0.177,3.906,-1.953,1.587
0.549,-0.851,0.161,2.502,-1.16,2.441
0.55,-0.857,0.169,0.061,-0.366,3.174
0.55,-0.859,0.186,-1.953,-0.549,3.845
0.547,-0.847,0.196,-2.869,-1.038,4.15
0.546,-0.837,0.208,-3.113,-1.282,4.517
0.548,-0.834,0.219,-2.319,-1.099,4.883
0.556,-0.841,0.218,-2.075,-0.854,4.944
0.565,-0.828,0.211,-2.258,-0.732,4.944
0.574,-0.811,0.184,-1.77,-0.671,3.723
0.568,-0.811,0.174,-1.221,-0.977,3.052
0.568,-0.803,0.161,-0.366,-1.343,2.93
0.564,-0.798,0.165,-0.427,-1.709,2.869
0.56,-0.791,0.168,-0.427,-1.77,2.686
0.562,-0.812,0.177,0.427,-1.77,2.136
0.569,-0.824,0.189,0,-2.258,1.526
0.578,-0.833,0.201,-1.221,-2.625,1.282
0.582,-0.831,0.216,-2.075,-3.113,1.099
0.585,-0.825,0.234,-2.38,-3.357,0.977
0.579,-0.818,0.243,-2.319,-3.357,0.427
0.566,-0.805,0.246,-1.709,-3.174,-0.183
0.205,-1.155,0.631,139.709,24.78,69.641
0.236,-1.153,0.561,143.738,27.71,75.745
0.265,-1.133,0.548,143.066,28.687,81.787
0.282,-1.094,0.529,142.395,28.442,86.426
0.291,-1.062,0.499,142.09,27.222,90.271
0.305,-1.058,0.461,140.808,25.269,93.445
0.333,-1.075,0.422,136.902,21.851,95.52
0.357,-1.058,0.377,130.249,17.151,97.534
0.36,-1.024,0.35,121.643,11.047,99.121
0.359,-0.993,0.346,112.488,4.7,99.487
0.36,-0.965,0.336,103.699,-1.16,98.45
0.354,-0.921,0.313,99.121,-5.127,97.595
0.352,-0.907,0.31,98.267,-7.69,97.168
0.361,-0.922,0.299,95.52,-10.864,95.276
0.368,-0.925,0.283,89.417,-15.015,92.773
0.368,-0.899,0.273,80.75,-19.348,91.431
0.362,-0.846,0.283,72.266,-23.499,89.6
0.358,-0.809,0.258,69.885,-26.611,86.914
0.35,-0.816,0.259,67.627,-29.053,83.74
0.349,-0.82,0.253,62.256,-31.433,80.505
0.362,-0.813,0.236,54.138,-33.936,77.209
0.348,-0.79,0.254,45.41,-36.682,73.914
0.327,-0.773,0.278,40.039,-38.391,70.313
0.335,-0.775,0.292,36.682,-38.635,67.261
0.316,-0.756,0.292,34.18,-38.391,63.904
0.318,-0.744,0.275,33.203,-37.903,61.035
0.33,-0.739,0.265,30.64,-37.17,58.411
0.337,-0.729,0.258,26.428,-36.316,55.664
0.351,-0.734,0.251,21.973,-35.4,52.917
0.37,-0.736,0.238,18.188,-34.546,49.988
0.374,-0.728,0.249,15.32,-33.752,46.875
0.375,-0.703,0.262,13.123,-33.081,43.457
0.378,-0.699,0.262,12.146,-31.86,40.161
0.385,-0.707,0.266,11.719,-30.457,37.292
0.392,-0.704,0.265,9.766,-28.87,34.424
0.403,-0.699,0.267,6.714,-27.1,31.677
0.418,-0.701,0.271,4.883,-25.33,28.931
0.432,-0.7,0.263,3.296,-23.743,25.94
0.448,-0.697,0.264,1.953,-22.522,22.827
0.463,-0.7,0.271,2.136,-21.79,19.653
0.466,-0.71,0.269,3.418,-20.386,16.113
0.466,-0.732,0.281,4.211,-18.616,13.55
0.474,-0.754,0.3,4.639,-16.907,11.414
0.482,-0.77,0.314,4.395,-15.015,9.46
0.481,-0.762,0.33,4.456,-13,7.874
0.48,-0.776,0.335,7.202,-10.803,6.531
0.482,-0.772,0.322,9.521,-8.545,4.944
0.489,-0.766,0.28,12.146,-6.287,4.15
0.501,-0.774,0.264,13.672,-4.395,3.601
0.496,-0.77,0.262,14.038,-2.869,3.235
0.53,-0.801,0.258,14.465,-1.648,3.967
0.532,-0.814,0.268,12.817,-1.343,1.892
0.533,-0.835,0.271,10.193,-1.16,0.793
0.542,-0.853,0.267,6.104,-1.16,0.916
0.53,-0.819,0.276,0.488,-1.465,0
0.525,-0.809,0.29,-3.052,-1.953,-0.61
0.519,-0.809,0.294,-2.808,-1.709,-0.977
0.514,-0.82,0.29,0.244,-0.549,-1.16
0.51,-0.818,0.269,3.54,0.427,-0.977
0.513,-0.835,0.243,7.812,1.465,-0.488
0.506,-0.861,0.227,9.705,2.625,0
0.521,-0.876,0.217,7.996,3.479,1.587
0.536,-0.895,0.213,3.967,3.174,2.38
0.53,-0.881,0.222,-1.16,2.319,1.953
0.527,-0.863,0.235,-3.906,1.404,1.953
0.524,-0.853,0.24,-4.211,0.977,2.136
0.519,-0.841,0.24,-3.601,0.549,2.258
0.516,-0.821,0.244,-2.319,0.122,2.625
0.518,-0.816,0.223,0.61,0,2.441
0.523,-0.831,0.197,3.54,0.366,2.441
0.53,-0.843,0.184,3.601,0.549,2.502
0.532,-0.851,0.194,2.319,0.305,2.625
0.527,-0.848,0.209,1.099,-0.244,2.563
0.524,-0.839,0.222,0.122,-0.916,2.441
0.526,-0.834,0.232,-0.427,-1.282,1.953
0.523,-0.83,0.233,0,-1.587,1.953
0.52,-0.823,0.234,0.366,-1.465,1.648
0.525,-0.829,0.238,0.305,-1.465,0.977
0.522,-0.828,0.234,0.732,-1.465,0.488
0.518,-0.826,0.218,4.211,-0.977,0.122
0.511,-0.833,0.197,6.348,-0.854,0.122
0.51,-0.85,0.199,6.653,-0.793,0.427
0.515,-0.87,0.201,5.615,-0.427,0.671
0.52,-0.869,0.206,4.089,-0.366,1.099
0.518,-0.864,0.215,3.479,-0.732,1.343
0.509,-0.863,0.214,3.845,-1.16,1.404
0.507,-0.863,0.214,3.601,-1.16,1.587
0.506,-0.862,0.212,3.235,-1.404,1.892
0.506,-0.852,0.214,2.319,-1.587,2.502
0.509,-0.845,0.21,3.052,-1.282,3.174
0.511,-0.845,0.214,3.723,-0.916,3.479
0.52,-0.855,0.221,3.906,-0.549,4.089
0.527,-0.857,0.223,3.54,-0.061,4.456
0.523,-0.859,0.216,3.235,0.427,4.517
0.523,-0.867,0.204,2.808,0.671,4.822
0.518,-0.865,0.21,1.587,0.488,5.432
0.513,-0.87,0.226,0.916,0.427,5.798
0.506,-0.84,0.218,0.427,0.671,5.432
0.515,-0.86,0.203,0.61,0.366,4.578
0.523,-0.872,0.213,0.122,0.427,4.639
0.525,-0.867,0.219,-0.977,0.488,4.7
0.523,-0.86,0.22,-1.099,0.305,4.333
0.518,-0.862,0.222,-0.732,0.488,4.15
0.525,-0.863,0.214,-0.366,0.977,4.333
0.537,-0.868,0.21,0.366,1.587,4.089
0.522,-0.866,0.203,0.793,1.953,3.296
0.515,-0.881,0.195,0.977,2.136,2.747
0.528,-0.898,0.196,0.793,1.892,2.38
0.526,-0.908,0.204,-0.793,1.343,1.587
0.52,-0.904,0.227,-2.93,0.427,0.854
0.513,-0.888,0.249,-4.028,-0.488,0.671
0.503,-0.876,0.262,-4.089,-0.977,0.366
0.501,-0.869,0.264,-3.723,-0.977,0.183
0.511,-0.882,0.248,-2.869,-0.793,0.549
0.523,-0.876,0.219,-2.869,-0.793,0.854
0.528,-0.869,0.207,-3.052,-1.038,1.526
0.531,-0.871,0.196,-3.845,-1.465,1.709
0.536,-0.855,0.194,-5.249,-2.014,1.892
0.536,-0.843,0.195,-5.249,-2.197,2.258
0.2,-1.236,0.638,109.375,-15.808,69.397
0.216,-1.214,0.648,106.384,-13.489,75.195
0.216,-1.162,0.658,103.333,-11.475,81.055
0.215,-1.145,0.648,100.647,-9.521,85.938
0.225,-1.119,0.628,97.229,-8.179,90.698
0.239,-1.079,0.601,91.797,-7.874,95.032
0.245,-1.034,0.56,86.426,-8.423,98.145
0.252,-0.975,0.53,83.191,-9.094,101.074
0.264,-0.944,0.522,81.848,-10.071,103.455
0.275,-0.931,0.506,79.773,-12.085,104.126
0.291,-0.89,0.473,77.82,-14.038,104.614
0.3,-0.859,0.443,77.332,-15.93,103.943
0.3,-0.831,0.423,80.505,-17.395,102.966
0.289,-0.839,0.423,84.29,-19.043,100.83
0.302,-0.868,0.417,83.374,-20.874,98.45
0.324,-0.879,0.412,77.148,-23.499,96.985
0.317,-0.843,0.398,71.167,-26.855,95.581
0.302,-0.83,0.395,67.749,-29.724,93.384
0.304,-0.822,0.402,64.331,-31.555,91.003
0.308,-0.791,0.388,62.683,-33.386,88.806
0.294,-0.768,0.38,61.035,-35.217,85.51
0.3,-0.75,0.382,59.021,-36.621,81.97
0.294,-0.721,0.373,58.289,-37.048,78.735
0.306,-0.73,0.38,57.312,-36.743,75.378
0.323,-0.75,0.364,55.725,-36.682,71.96
0.334,-0.765,0.367,50.598,-37.415,68.054
0.331,-0.755,0.368,43.213,-38.513,63.965
0.326,-0.754,0.375,36.438,-39.063,60.547
0.325,-0.734,0.402,31.738,-38.391,57.617
0.327,-0.679,0.383,32.41,-36.926,55.237
0.331,-0.684,0.36,36.865,-34.119,52.307
0.345,-0.71,0.336,40.649,-31.555,49.744
0.356,-0.737,0.326,41.016,-30.212,47.668
0.36,-0.747,0.324,38.147,-28.931,45.837
0.36,-0.737,0.337,34.424,-27.832,43.762
0.357,-0.717,0.355,31.555,-26.855,41.626
0.351,-0.697,0.363,31.25,-25.269,38.94
0.353,-0.698,0.371,31.555,-23.315,36.56
0.359,-0.708,0.369,32.776,-21.301,34.607
0.374,-0.725,0.364,32.715,-19.348,33.325
0.387,-0.73,0.349,31.86,-17.395,31.86
0.412,-0.762,0.329,29.968,-16.296,29.968
0.42,-0.772,0.306,26.184,-15.869,28.076
0.428,-0.758,0.288,23.621,-15.076,26.978
0.431,-0.747,0.284,21.24,-14.587,24.78
0.443,-0.742,0.274,19.226,-13.916,22.888
0.436,-0.725,0.265,17.212,-13.733,20.569
0.444,-0.722,0.258,15.442,-13.489,18.494
0.458,-0.744,0.258,13.123,-12.817,16.357
0.464,-0.758,0.262,8.667,-13,14.282
0.464,-0.758,0.281,3.296,-13.062,12.085
0.468,-0.745,0.295,1.099,-12.756,10.132
0.472,-0.741,0.296,1.648,-12.024,8.118
0.481,-0.75,0.29,2.502,-10.986,6.348
0.487,-0.774,0.286,3.479,-9.888,5.066
0.491,-0.786,0.275,2.625,-8.972,3.906
0.495,-0.774,0.268,2.38,-8.545,3.052
0.489,-0.796,0.277,3.174,-8.179,1.892
0.483,-0.806,0.295,3.296,-7.385,0.916
0.479,-0.82,0.306,2.319,-6.653,-0.427
0.478,-0.813,0.318,1.221,-5.92,-1.16
0.48,-0.805,0.328,1.831,-5.188,-1.953
0.481,-0.817,0.339,3.296,-4.333,-2.686
0.484,-0.826,0.331,4.211,-3.357,-3.113
0.493,-0.842,0.304,5.737,-2.38,-3.113
0.497,-0.844,0.284,6.897,-1.282,-2.869
0.495,-0.854,0.283,7.935,-0.366,-2.502
0.49,-0.854,0.292,7.812,0,-2.441
0.45,-0.845,0.291,8.179,0.549,-2.136
0.501,-0.866,0.283,9.46,1.953,-0.488
0.518,-0.898,0.258,9.888,2.38,0.183
0.514,-0.899,0.25,5.371,2.014,0.183
0.518,-0.885,0.256,0.244,1.343,0.732
0.524,-0.866,0.266,-3.723,0.916,0.916
0.522,-0.845,0.281,-5.005,0.549,0.916
0.516,-0.84,0.286,-2.93,0.122,0.732
0.51,-0.844,0.29,-0.305,0.183,0.549
0.512,-0.84,0.287,1.77,0.488,0.61
0.514,-0.846,0.285,3.052,0.671,0.549
0.514,-0.858,0.275,3.845,0.671,0.061
0.518,-0.866,0.255,3.235,0.427,-0.122
0.522,-0.865,0.246,1.221,-0.061,0.061
0.522,-0.853,0.237,-1.16,-0.732,0.488
0.52,-0.857,0.236,-2.93,-0.977,0.732
0.522,-0.848,0.248,-4.456,-1.16,1.16
0.517,-0.831,0.278,-4.578,-1.709,1.099
0.505,-0.825,0.287,-1.16,-1.831,0.305
0.497,-0.837,0.277,3.235,-1.77,-0.427
0.497,-0.857,0.265,5.31,-1.465,-0.366
0.499,-0.866,0.252,4.028,-1.282,0.366
0.502,-0.864,0.244,1.587,-1.099,1.221
0.502,-0.848,0.253,0.793,-1.343,2.38
0.5,-0.847,0.265,1.465,-1.831,2.686
0.498,-0.844,0.276,2.014,-1.892,3.052
0.498,-0.837,0.279,2.502,-1.526,3.174
0.498,-0.845,0.274,3.052,-0.977,3.113
0.503,-0.853,0.27,2.197,-0.427,3.784
0.513,-0.857,0.268,0.183,-0.244,4.517
0.509,-0.836,0.269,-0.732,-0.366,4.944
0.505,-0.832,0.277,-0.244,-0.366,4.883
0.501,-0.83,0.282,0.671,-0.305,4.578
0.501,-0.834,0.279,0.854,-0.061,4.456
0.509,-0.839,0.273,0.732,0.244,4.395
0.511,-0.843,0.265,0.488,0.488,4.272
0.511,-0.842,0.261,0.061,0.488,4.15
0.508,-0.832,0.263,-0.732,0.305,4.028
0.506,-0.821,0.262,-0.671,0.244,4.028
0.512,-0.825,0.258,0.366,0.305,3.662
0.516,-0.836,0.255,1.282,0.488,3.235
0.517,-0.842,0.254,1.404,0.427,2.991
0.514,-0.844,0.253,1.343,0.305,2.747
0.51,-0.843,0.259,1.099,0,2.441
0.505,-0.837,0.265,1.343,-0.244,2.136
0.506,-0.837,0.259,2.014,0,2.014
0.513,-0.844,0.252,2.563,0.244,1.953
0.513,-0.845,0.255,3.052,0.305,2.014
0.511,-0.852,0.257,2.991,0.427,1.709
0.521,-0.865,0.262,2.93,0.61,1.465
0.521,-0.866,0.261,2.991,0.61,1.282
0.251,-1.263,0.599,70.74,-64.148,-1.282
0.286,-1.29,0.638,65.857,-58.289,6.958
0.297,-1.255,0.69,61.829,-52.673,14.832
0.291,-1.187,0.742,63.232,-46.204,22.827
0.268,-1.132,0.745,70.801,-38.513,29.663
0.254,-1.129,0.707,80.811,-30.64,36.865
0.261,-1.153,0.653,88.074,-23.621,44.617
0.276,-1.169,0.612,89.966,-18.555,53.833
0.296,-1.161,0.561,89.905,-15.32,63.416
0.299,-1.14,0.528,87.463,-14.648,69.58
0.297,-1.104,0.517,83.313,-15.686,77.209
0.261,-1.007,0.449,84.961,-15.137,80.383
0.26,-0.975,0.413,92.529,-15.076,82.642
0.248,-0.947,0.391,100.037,-16.052,84.473
0.235,-0.933,0.378,104.248,-17.212,85.571
0.24,-0.917,0.355,106.75,-18.799,86.121
0.235,-0.892,0.342,109.192,-20.63,86.731
0.235,-0.879,0.335,109.253,-23.499,85.51
0.236,-0.864,0.324,107.483,-26.794,84.106
0.237,-0.879,0.308,103.149,-30.762,83.801
0.252,-0.898,0.285,93.689,-34.973,82.642
0.248,-0.896,0.269,80.322,-40.1,81.116
0.239,-0.86,0.259,66.772,-44.617,79.651
0.225,-0.795,0.245,55.115,-48.035,77.637
0.204,-0.729,0.219,50.171,-49.927,75.439
0.204,-0.73,0.212,48.645,-50.72,73.425
0.214,-0.728,0.227,48.157,-51.514,71.777
0.223,-0.721,0.247,48.096,-52.124,69.458
0.228,-0.724,0.268,48.34,-52.002,66.833
0.224,-0.741,0.29,48.706,-51.453,64.392
0.238,-0.741,0.312,48.096,-51.025,62.5
0.238,-0.741,0.295,48.401,-50.171,60.608
0.253,-0.748,0.262,47.119,-48.462,59.082
0.275,-0.76,0.279,42.297,-47.668,57.617
0.268,-0.752,0.304,34.851,-48.096,55.115
0.274,-0.725,0.329,27.832,-47.913,53.223
0.272,-0.694,0.332,23.499,-47.607,51.025
0.287,-0.696,0.301,22.156,-46.509,49.377
0.303,-0.724,0.294,19.287,-45.044,47.852
0.309,-0.732,0.289,13.977,-44.067,46.387
0.318,-0.731,0.293,8.179,-42.664,44.312
0.31,-0.759,0.334,-1.099,-41.26,42.053
0.3,-0.689,0.367,-14.648,-39.246,39.856
0.318,-0.633,0.372,-21.79,-37.72,36.682
0.339,-0.62,0.381,-19.348,-35.706,32.593
0.342,-0.662,0.406,-12.878,-33.081,28.809
0.34,-0.716,0.42,-11.292,-29.48,25.452
0.353,-0.728,0.419,-17.273,-25.94,23.376
0.385,-0.708,0.422,-25.024,-23.071,21.118
0.387,-0.663,0.444,-28.503,-20.691,17.944
0.373,-0.647,0.468,-23.315,-17.7,14.16
0.385,-0.662,0.476,-13.245,-13.794,10.01
0.391,-0.703,0.459,-4.822,-10.071,6.042
0.402,-0.734,0.437,-0.549,-6.958,3.174
0.421,-0.756,0.407,1.282,-4.395,1.404
0.432,-0.76,0.374,1.16,-2.869,-0.183
0.438,-0.77,0.361,0.427,-2.014,-1.587
0.446,-0.779,0.361,-0.488,-1.648,-2.808
0.442,-0.783,0.361,-1.648,-1.343,-3.906
0.443,-0.781,0.349,-1.038,-0.61,-4.517
0.447,-0.796,0.342,1.831,0.427,-5.066
0.453,-0.826,0.332,4.517,1.282,-5.615
0.46,-0.85,0.315,5.127,1.77,-5.676
0.461,-0.845,0.296,4.333,1.709,-5.249
0.458,-0.841,0.286,3.845,1.038,-4.761
0.457,-0.841,0.282,4.272,0.183,-4.395
0.453,-0.854,0.293,4.883,-0.488,-4.15
0.45,-0.861,0.304,4.456,-0.977,-3.601
0.454,-0.865,0.315,3.662,-1.282,-3.052
0.455,-0.863,0.319,3.235,-1.404,-1.831
0.459,-0.858,0.316,2.808,-1.587,-1.221
0.463,-0.849,0.314,2.258,-1.77,-0.488
0.463,-0.846,0.315,2.808,-2.014,-0.061
0.464,-0.841,0.316,3.418,-2.136,0.061
0.466,-0.853,0.316,4.15,-2.014,0.305
0.469,-0.861,0.319,4.333,-1.892,0.549
0.465,-0.863,0.333,3.601,-2.136,0.671
0.458,-0.86,0.352,2.319,-2.014,0.549
0.452,-0.856,0.366,1.77,-2.014,0.122
0.45,-0.855,0.367,1.892,-1.648,-0.183
0.453,-0.861,0.357,1.953,-1.099,-0.183
0.456,-0.863,0.352,1.038,-0.732,-0.061
0.46,-0.862,0.343,-0.061,-0.427,0.427
0.456,-0.846,0.336,-0.122,-0.061,0.916
0.455,-0.844,0.335,1.099,0.366,1.038
0.455,-0.862,0.323,2.075,0.732,0.854
0.455,-0.872,0.313,2.136,1.16,0.793
0.461,-0.876,0.303,1.709,1.526,1.343
0.46,-0.877,0.302,1.465,1.404,1.648
0.459,-0.883,0.305,1.099,1.16,1.831
0.458,-0.876,0.305,0.488,0.977,1.953
0.452,-0.868,0.308,0.061,0.732,2.014
0.45,-0.876,0.304,-0.061,0.366,1.892
0.446,-0.883,0.299,0.183,0.122,2.441
0.442,-0.88,0.297,0.427,0.061,3.357
0.44,-0.878,0.3,-0.061,-0.366,3.845
0.443,-0.869,0.302,-0.671,-0.61,3.967
0.447,-0.856,0.3,-1.099,-0.854,3.967
0.451,-0.854,0.303,-0.671,-0.854,3.906
0.455,-0.852,0.307,-0.427,-0.854,4.028
0.457,-0.85,0.303,-0.488,-0.671,3.784
0.458,-0.844,0.304,-1.282,-0.549,3.784
0.459,-0.844,0.309,-1.404,-0.549,3.784
0.456,-0.845,0.32,-1.282,-0.793,3.357
0.457,-0.841,0.337,-1.282,-0.671,3.052
0.457,-0.842,0.348,-0.488,-0.427,2.747
0.456,-0.839,0.345,0.061,-0.122,2.075
0.459,-0.839,0.337,0.061,0.122,1.587
0.467,-0.845,0.325,-0.122,0.549,1.404
0.467,-0.839,0.317,-0.61,0.671,1.282
0.468,-0.846,0.315,-0.61,0.916,1.526
0.464,-0.841,0.314,-0.549,0.977,1.526
0.46,-0.844,0.314,-0.671,0.854,1.587
0.458,-0.849,0.319,-1.099,1.099,1.648
0.46,-0.851,0.319,-1.77,1.343,1.709
0.465,-0.845,0.316,-1.892,1.282,1.648
0.463,-0.826,0.316,-1.343,1.038,1.465
0.463,-0.825,0.318,1.221,1.038,1.465
0.46,-0.829,0.309,3.906,1.221,1.404
0.121,-1.264,0.676,67.444,-44.678,0.122
0.115,-1.265,0.708,62.012,-40.405,7.324
0.103,-1.232,0.72,63.599,-34.058,15.381
0.093,-1.223,0.718,67.017,-26.733,23.01
0.104,-1.219,0.7,69.885,-19.287,30.884
0.129,-1.22,0.66,70.007,-12.695,39.246
0.15,-1.222,0.635,67.2,-9.155,46.143
0.139,-1.164,0.602,66.467,-7.141,52.612
0.14,-1.09,0.58,70.862,-4.272,59.143
0.136,-1.065,0.55,77.026,-2.197,63.721
0.131,-1.039,0.502,82.825,-1.099,67.688
0.154,-0.993,0.472,88.257,0.366,71.716
0.155,-0.943,0.441,95.52,1.221,74.646
0.161,-0.949,0.409,102.905,0.732,76.233
0.18,-0.937,0.386,110.474,-0.061,77.759
0.178,-0.907,0.351,117.737,-1.343,78.43
0.185,-0.907,0.321,123.779,-2.808,78.979
0.197,-0.926,0.293,127.502,-4.883,80.261
0.21,-0.939,0.27,127.625,-8.423,81.482
0.208,-0.939,0.28,121.582,-12.817,80.872
0.198,-0.927,0.27,115.051,-17.456,79.895
0.21,-0.919,0.274,104.004,-21.912,77.209
0.2,-0.908,0.284,89.539,-26.611,74.585
0.206,-0.895,0.281,74.463,-30.945,72.937
0.202,-0.869,0.274,60.547,-34.668,70.923
0.188,-0.831,0.261,49.438,-38.269,68.848
0.18,-0.792,0.233,41.199,-40.588,66.406
0.188,-0.803,0.23,34.058,-42.542,64.087
0.199,-0.788,0.22,28.687,-44.617,62.134
0.198,-0.789,0.232,26.917,-45.776,60.547
0.198,-0.792,0.277,25.33,-45.715,58.35
0.184,-0.785,0.305,24.597,-45.044,55.847
0.21,-0.792,0.326,23.987,-43.396,54.321
0.208,-0.79,0.342,23.01,-41.809,52.368
0.204,-0.783,0.341,20.874,-40.588,50.232
0.21,-0.773,0.342,17.456,-39.429,48.157
0.216,-0.76,0.335,13.733,-38.269,46.021
0.226,-0.76,0.328,10.01,-37.292,43.701
0.23,-0.743,0.321,6.775,-36.133,41.382
0.246,-0.735,0.286,5.432,-34.424,39.001
0.263,-0.747,0.271,3.662,-32.471,36.743
0.275,-0.742,0.267,2.563,-30.762,35.278
0.284,-0.759,0.288,2.136,-29.541,32.532
0.285,-0.767,0.305,1.526,-27.832,29.419
0.283,-0.785,0.319,2.258,-25.696,26.978
0.292,-0.79,0.331,3.54,-23.804,24.902
0.293,-0.804,0.331,4.639,-22.644,22.705
0.302,-0.806,0.324,4.272,-21.24,20.386
0.315,-0.816,0.305,3.601,-20.02,18.677
0.318,-0.809,0.302,3.235,-18.86,17.09
0.325,-0.811,0.282,4.211,-17.761,16.113
0.327,-0.82,0.256,6.592,-16.296,15.625
0.359,-0.85,0.215,9.949,-14.893,15.93
0.37,-0.88,0.205,12.268,-14.771,15.442
0.357,-0.889,0.209,13.489,-14.099,15.259
0.352,-0.911,0.222,15.808,-13.367,15.869
0.354,-0.928,0.241,15.991,-12.695,16.052
0.355,-0.935,0.252,13.428,-12.695,16.296
0.352,-0.944,0.257,7.996,-13.184,16.052
0.348,-0.935,0.282,0.671,-14.038,15.93
0.35,-0.918,0.298,-5.92,-14.954,15.991
0.361,-0.904,0.311,-10.62,-15.747,16.113
0.372,-0.888,0.295,-13.977,-15.991,15.991
0.384,-0.854,0.279,-15.442,-16.235,15.564
0.388,-0.819,0.29,-14.038,-15.991,14.343
0.385,-0.812,0.298,-10.071,-15.137,12.268
0.385,-0.819,0.292,-5.676,-13.611,10.193
0.388,-0.837,0.289,-1.16,-12.024,9.033
0.387,-0.847,0.3,2.319,-10.803,7.935
0.388,-0.871,0.319,3.662,-9.827,7.019
0.388,-0.892,0.332,2.808,-8.789,6.226
0.392,-0.883,0.341,0.183,-7.874,5.554
0.388,-0.868,0.349,-1.465,-7.202,4.456
0.386,-0.868,0.362,-1.526,-6.653,3.723
0.389,-0.862,0.375,-0.244,-5.31,3.113
0.385,-0.863,0.366,1.709,-3.418,2.014
0.381,-0.884,0.355,2.625,-1.892,1.099
0.383,-0.902,0.337,1.709,-0.366,1.038
0.384,-0.906,0.323,-0.305,0.366,0.732
0.386,-0.91,0.307,-1.892,0.61,0.427
0.386,-0.917,0.299,-2.502,0.61,0.305
0.387,-0.917,0.294,-3.479,0.61,0.366
0.391,-0.906,0.283,-4.883,0.183,0.061
0.39,-0.895,0.279,-6.165,0.061,-0.61
0.393,-0.888,0.281,-6.409,-0.366,-0.916
0.392,-0.881,0.276,-5.798,-0.671,-1.221
0.391,-0.89,0.271,-4.272,-0.732,-1.221
0.393,-0.898,0.266,-2.869,-0.793,-0.854
0.4,-0.888,0.257,-2.502,-1.221,-0.122
0.404,-0.88,0.262,-2.563,-1.709,0.244
0.406,-0.885,0.279,-2.319,-2.014,0.488
0.407,-0.896,0.296,-2.686,-1.953,1.099
0.405,-0.888,0.31,-3.418,-1.648,1.465
0.404,-0.876,0.301,-2.869,-1.099,2.136
0.398,-0.88,0.299,-3.357,-0.793,2.625
0.401,-0.884,0.298,-4.578,-0.244,3.174
0.4,-0.877,0.291,-5.432,0.061,3.845
0.398,-0.856,0.293,-4.944,-0.305,4.15
0.392,-0.86,0.293,-3.113,-0.793,3.906
0.394,-0.858,0.283,-1.648,-0.916,3.845
0.394,-0.862,0.276,-0.61,-0.793,3.601
0.394,-0.861,0.278,-0.244,-0.732,3.418
0.395,-0.863,0.283,0.366,-0.916,3.357
0.396,-0.861,0.284,1.038,-1.16,2.869
0.395,-0.869,0.278,1.099,-1.526,2.258
0.394,-0.877,0.286,0.977,-1.709,1.77
0.396,-0.882,0.295,0.854,-1.892,1.587
0.397,-0.874,0.3,1.282,-1.587,0.549
0.398,-0.886,0.302,3.418,-1.831,-0.122
0.405,-0.896,0.302,3.723,-1.831,-0.427
0.407,-0.902,0.308,3.662,-1.526,-0.305
0.406,-0.903,0.318,2.747,-1.221,-0.244
0.408,-0.908,0.324,1.953,-1.099,-0.183
0.407,-0.911,0.318,1.831,-0.61,0.122
0.405,-0.91,0.316,1.953,-0.305,0.305
0.406,-0.919,0.315,2.014,0.305,0.854
0.409,-0.918,0.309,1.587,0.854,1.16
0.41,-0.919,0.294,1.343,0.732,1.282
0.407,-0.915,0.284,1.16,0.488,1.587
0.069,-1.364,0.595,131.287,-4.944,59.082
0.089,-1.338,0.542,128.357,-1.709,70.19
0.111,-1.284,0.496,119.446,-1.16,78.979
0.119,-1.19,0.428,104.004,-3.113,94.055
0.148,-1.143,0.35,93.994,-5.249,100.22
0.18,-1.104,0.338,81.909,-8.484,105.591
0.209,-1.051,0.329,71.045,-12.451,108.398
0.204,-0.984,0.315,63.538,-16.235,109.314
0.204,-0.951,0.318,58.35,-19.775,109.863
0.208,-0.909,0.338,53.65,-22.949,109.985
0.211,-0.849,0.327,52.673,-25.085,109.619
0.215,-0.812,0.345,52.429,-27.466,107.544
0.217,-0.76,0.321,54.993,-29.48,105.103
0.225,-0.764,0.3,58.289,-31.86,102.173
0.238,-0.77,0.281,57.068,-34.729,98.511
0.247,-0.756,0.283,51.147,-38.208,94.604
0.238,-0.729,0.302,45.898,-41.443,89.417
0.232,-0.728,0.326,42.419,-43.945,83.618
0.236,-0.723,0.342,37.415,-45.715,77.82
0.228,-0.702,0.334,34.119,-46.753,72.693
0.244,-0.719,0.318,31.311,-47.363,67.566
0.248,-0.732,0.31,27.039,-47.791,63.11
0.243,-0.724,0.329,21.179,-47.913,58.594
0.237,-0.71,0.355,16.968,-48.035,53.772
0.237,-0.706,0.36,15.808,-47.241,48.95
0.235,-0.696,0.353,16.479,-45.959,44.189
0.24,-0.689,0.332,17.7,-44.678,39.917
0.248,-0.688,0.312,18.005,-43.457,36.133
0.255,-0.695,0.317,17.456,-41.931,32.654
0.263,-0.699,0.332,15.991,-40.405,29.175
0.253,-0.711,0.353,16.541,-38.574,25.452
0.266,-0.75,0.373,18.127,-36.438,21.912
0.277,-0.773,0.379,18.555,-34.302,19.104
0.276,-0.788,0.363,18.677,-32.166,16.724
0.279,-0.793,0.361,18.066,-29.724,14.587
0.274,-0.792,0.354,17.883,-26.855,13.123
0.273,-0.793,0.358,18.005,-24.048,12.024
0.283,-0.788,0.336,18.433,-21.545,10.864
0.289,-0.825,0.323,18.677,-18.982,10.01
0.299,-0.851,0.323,17.334,-17.029,9.644
0.299,-0.857,0.322,15.869,-15.137,9.46
0.311,-0.855,0.323,14.099,-13.489,8.667
0.292,-0.842,0.325,13.123,-12.756,7.507
0.288,-0.841,0.335,13.672,-11.536,6.592
0.3,-0.862,0.315,14.893,-9.338,5.92
0.321,-0.867,0.27,16.541,-7.69,5.615
0.324,-0.877,0.248,17.334,-6.958,5.676
0.306,-0.877,0.25,18.494,-5.798,6.042
0.324,-0.909,0.251,20.63,-4.028,7.08
0.334,-0.93,0.247,20.935,-2.991,7.751
0.328,-0.94,0.249,18.799,-1.953,8.728
0.338,-0.953,0.237,15.442,-1.404,9.644
0.341,-0.966,0.23,10.925,-1.16,10.437
0.348,-0.97,0.238,4.517,-1.526,10.925
0.346,-0.942,0.239,-1.526,-2.38,11.23
0.356,-0.924,0.257,-4.578,-3.296,11.23
0.36,-0.911,0.261,-5.432,-3.479,10.559
0.377,-0.886,0.238,-3.235,-3.662,9.399
0.384,-0.888,0.235,-0.122,-3.601,8.301
0.387,-0.906,0.222,3.601,-2.991,7.263
0.391,-0.931,0.19,6.714,-2.502,6.836
0.397,-0.937,0.178,8.057,-2.136,7.08
0.406,-0.967,0.187,7.141,-2.747,7.263
0.404,-0.964,0.211,3.662,-3.601,7.507
0.4,-0.933,0.222,0.488,-4.211,7.202
0.394,-0.912,0.243,-0.916,-4.7,5.676
0.382,-0.905,0.25,-0.732,-5.31,4.211
0.381,-0.906,0.257,0.366,-5.676,3.113
0.38,-0.918,0.266,2.014,-6.042,2.686
0.376,-0.939,0.264,2.747,-6.47,2.319
0.382,-0.949,0.255,1.526,-6.714,2.258
0.384,-0.931,0.24,0.61,-7.019,2.319
0.376,-0.927,0.239,1.038,-7.446,2.075
0.372,-0.938,0.243,2.075,-7.385,2.136
0.365,-0.937,0.251,2.93,-6.836,2.136
0.36,-0.945,0.25,3.479,-5.92,2.686
0.361,-0.964,0.243,2.747,-5.005,3.418
0.366,-0.981,0.24,0.122,-4.272,4.578
0.366,-0.972,0.248,-4.272,-4.15,5.798
0.364,-0.957,0.259,-9.155,-4.395,6.714
0.369,-0.937,0.278,-13.855,-4.639,7.324
0.367,-0.898,0.293,-15.564,-4.395,7.263
0.364,-0.892,0.297,-14.16,-3.784,6.836
0.367,-0.901,0.293,-12.024,-2.625,6.531
0.372,-0.906,0.288,-11.047,-1.587,6.47
0.372,-0.891,0.28,-10.376,-0.793,6.592
0.374,-0.882,0.26,-9.521,-0.183,6.165
0.383,-0.888,0.245,-9.033,0,5.432
0.389,-0.893,0.242,-9.827,0.183,4.944
0.386,-0.879,0.25,-11.78,-0.061,4.578
0.395,-0.853,0.256,-11.78,-0.366,4.15
0.39,-0.859,0.263,-9.338,-0.488,3.296
0.389,-0.868,0.262,-6.836,-0.427,2.441
0.394,-0.883,0.261,-4.761,-0.732,1.953
0.398,-0.883,0.256,-3.174,-0.977,1.587
0.398,-0.899,0.25,-2.625,-1.526,1.16
0.398,-0.907,0.249,-2.319,-1.648,1.038
0.4,-0.906,0.237,-2.441,-2.197,1.404
0.4,-0.906,0.247,-2.502,-2.625,2.197
0.399,-0.9,0.26,-2.808,-3.174,2.686
0.397,-0.899,0.276,-2.869,-3.113,2.747
0.395,-0.904,0.288,-3.479,-2.991,2.747
0.4,-0.905,0.3,-4.7,-2.808,3.052
0.407,-0.9,0.3,-4.456,-2.563,3.54
0.405,-0.903,0.299,-2.991,-2.136,3.845
0.403,-0.906,0.297,-3.174,-1.648,3.967
0.405,-0.897,0.293,-3.967,-1.648,4.333
0.401,-0.891,0.285,-3.357,-1.404,4.15
0.398,-0.896,0.279,-2.014,-0.916,4.089
0.4,-0.901,0.278,-1.221,-0.793,4.15
0.394,-0.912,0.271,-1.465,-1.038,3.784
0.392,-0.907,0.266,-2.441,-1.221,3.418
0.394,-0.913,0.265,-4.089,-1.587,3.296
0.393,-0.903,0.265,-5.31,-1.831,3.54
0.396,-0.897,0.264,-5.859,-1.892,3.54
0.399,-0.884,0.259,-5.066,-1.953,3.54
0.395,-0.877,0.259,-3.601,-2.075,3.052
0.394,-0.886,0.265,-2.319,-2.136,2.502
0.397,-0.902,0.277,-2.136,-2.258,1.953
0.041,-1.461,0.544,147.949,-6.775,44.067
0.053,-1.48,0.563,143.738,-4.639,53.589
0.075,-1.485,0.57,137.024,-2.93,63.416
0.114,-1.497,0.557,124.207,-2.014,73.242
0.138,-1.449,0.536,106.506,-3.662,82.581
0.143,-1.383,0.531,86.304,-6.775,91.248
0.133,-1.314,0.5,69.58,-9.949,98.877
0.128,-1.205,0.469,57.8,-12.268,105.225
0.139,-1.135,0.433,48.096,-14.465,109.924
0.143,-1.064,0.392,40.71,-16.907,113.037
0.155,-0.967,0.364,35.828,-19.226,114.929
0.17,-0.907,0.342,34.363,-21.301,114.746
0.177,-0.86,0.348,36.56,-23.499,113.831
0.179,-0.822,0.337,41.26,-25.452,112.488
0.184,-0.806,0.317,45.288,-27.527,109.741
0.185,-0.773,0.315,47.119,-30.151,106.873
0.181,-0.768,0.318,46.021,-33.02,103.271
0.178,-0.766,0.324,43.701,-36.194,99.731
0.179,-0.757,0.335,39.551,-39.429,96.436
0.177,-0.74,0.338,33.752,-42.542,92.651
0.167,-0.699,0.334,28.076,-45.593,88.562
0.17,-0.654,0.331,23.804,-47.729,83.801
0.176,-0.644,0.32,20.691,-49.072,78.491
0.195,-0.646,0.328,16.357,-50.476,74.097
0.2,-0.627,0.332,11.597,-51.697,69.458
0.209,-0.609,0.353,8.728,-52.612,64.392
0.201,-0.594,0.382,9.216,-52.246,59.448
0.214,-0.604,0.412,13.428,-50.293,55.054
0.218,-0.614,0.432,16.541,-48.096,50.354
0.218,-0.623,0.444,17.334,-46.082,46.387
0.221,-0.604,0.445,17.09,-44.189,42.358
0.238,-0.608,0.433,16.541,-42.358,38.574
0.245,-0.623,0.413,16.785,-40.161,35.339
0.252,-0.643,0.405,15.32,-38.269,32.593
0.253,-0.642,0.404,13.306,-36.377,30.151
0.255,-0.638,0.417,12.634,-34.18,28.076
0.262,-0.667,0.427,13.306,-31.616,25.574
0.256,-0.701,0.416,13.672,-28.625,22.583
0.27,-0.72,0.429,13.611,-26.123,20.752
0.271,-0.725,0.445,14.709,-23.437,18.738
0.262,-0.742,0.443,17.273,-20.691,16.846
0.277,-0.76,0.442,19.409,-18.066,15.686
0.296,-0.786,0.43,19.775,-16.052,14.038
0.312,-0.784,0.399,19.775,-14.465,12.512
0.318,-0.797,0.377,18.25,-13.367,10.681
0.329,-0.817,0.362,15.32,-12.878,9.094
0.333,-0.818,0.369,11.414,-12.695,7.751
0.332,-0.794,0.358,9.399,-12.329,6.592
0.315,-0.797,0.355,10.254,-11.353,5.432
0.336,-0.821,0.364,11.536,-9.705,4.944
0.335,-0.859,0.376,12.451,-8.789,3.845
0.32,-0.874,0.393,13.184,-7.324,3.296
0.328,-0.879,0.4,14.465,-5.31,3.845
0.334,-0.883,0.405,16.174,-3.845,3.906
0.331,-0.905,0.404,17.639,-2.869,3.54
0.339,-0.925,0.373,16.968,-2.075,3.723
0.35,-0.925,0.359,13.123,-2.319,4.211
0.344,-0.911,0.349,8.911,-2.808,4.333
0.353,-0.918,0.342,5.005,-3.113,4.517
0.36,-0.902,0.337,2.563,-3.174,4.761
0.36,-0.893,0.334,1.953,-2.991,4.456
0.363,-0.89,0.329,2.136,-2.808,4.211
0.37,-0.906,0.335,2.38,-2.686,3.967
0.367,-0.885,0.331,2.441,-2.197,3.784
0.351,-0.901,0.332,2.075,-2.319,3.052
0.369,-0.9,0.335,1.221,-2.869,2.625
0.356,-0.89,0.338,-0.61,-3.357,1.892
0.356,-0.9,0.341,-0.671,-3.784,1.16
0.354,-0.893,0.329,-0.122,-4.028,0.549
0.351,-0.885,0.331,0.732,-4.272,0.122
0.354,-0.887,0.332,1.465,-4.15,-0.366
0.348,-0.887,0.334,1.953,-3.601,-0.61
0.347,-0.896,0.334,3.174,-2.991,-0.793
0.341,-0.898,0.348,3.296,-2.441,-0.977
0.336,-0.897,0.36,1.831,-2.075,-0.793
0.334,-0.897,0.368,0.061,-1.587,-0.488
0.341,-0.891,0.364,-1.526,-0.854,-0.122
0.341,-0.89,0.363,-2.502,-0.244,0.366
0.346,-0.891,0.364,-3.357,0.305,0.977
0.351,-0.885,0.354,-3.418,0.916,1.221
0.352,-0.879,0.339,-3.052,1.343,0.61
0.353,-0.878,0.32,-2.808,1.648,0.427
0.361,-0.881,0.304,-2.075,1.709,0.61
0.368,-0.883,0.293,-0.977,1.587,0.61
0.366,-0.885,0.289,-0.61,1.404,0.61
0.361,-0.887,0.299,-1.648,0.977,0.854
0.364,-0.885,0.314,-3.174,0.732,1.282
0.365,-0.883,0.328,-4.272,0.305,1.648
0.367,-0.872,0.34,-3.662,-0.183,1.709
0.372,-0.888,0.341,-1.77,-0.366,1.953
0.374,-0.893,0.336,0.122,-0.366,1.892
0.376,-0.89,0.327,0.61,-0.854,1.831
0.377,-0.889,0.325,1.282,-1.282,2.014
0.375,-0.896,0.325,2.197,-1.587,2.197
0.374,-0.911,0.337,2.136,-1.648,2.502
0.378,-0.911,0.338,1.282,-1.648,3.052
0.375,-0.898,0.351,0.244,-1.648,2.991
0.374,-0.888,0.366,0.305,-1.648,3.235
0.369,-0.896,0.366,0.366,-1.221,3.418
0.369,-0.896,0.346,-0.122,-0.732,3.723
0.371,-0.893,0.335,-1.404,-0.366,4.15
0.37,-0.89,0.337,-2.808,0,4.578
0.367,-0.883,0.34,-3.54,-0.427,4.456
0.365,-0.868,0.331,-3.113,-0.488,3.662
0.363,-0.866,0.327,-1.526,-0.854,3.174
0.365,-0.876,0.324,1.038,-0.732,3.174
0.366,-0.875,0.311,1.77,-0.488,2.808
0.365,-0.875,0.313,1.221,-0.549,2.441
0.364,-0.87,0.322,0.671,-0.793,2.075
0.364,-0.879,0.335,1.038,-1.099,1.404
0.365,-0.889,0.345,2.319,-1.221,0.977
0.366,-0.893,0.349,2.93,-1.526,0.549
0.37,-0.895,0.349,2.625,-1.648,0.305
0.368,-0.892,0.36,1.77,-1.587,-0.061
0.365,-0.888,0.368,1.709,-1.16,-0.732
0.367,-0.895,0.352,2.441,-0.61,-1.282
0.369,-0.901,0.333,3.174,-0.305,-1.404
0.37,-0.897,0.333,2.93,0.122,-1.282
0.372,-0.904,0.33,3.113,0.366,-0.977
-0.075,-1.218,0.821,45.654,-69.641,-13.367
-0.08,-1.23,0.812,43.03,-61.523,-5.92
-0.086,-1.246,0.807,37.842,-54.81,0.854
-0.104,-1.197,0.785,25.024,-45.41,13.306
-0.099,-1.138,0.767,21.423,-40.833,19.897
-0.1,-1.081,0.749,21.79,-36.621,25.146
-0.089,-1.043,0.742,25.452,-31.555,31.677
-0.086,-1.005,0.72,34.18,-26.123,38.33
-0.071,-0.989,0.681,43.274,-20.386,45.166
-0.057,-0.974,0.631,50.476,-15.747,51.086
-0.048,-0.925,0.571,58.838,-11.536,57.068
-0.05,-0.919,0.551,66.895,-8.118,62.256
-0.043,-0.932,0.537,71.777,-5.31,65.674
-0.017,-0.968,0.525,71.35,-3.601,69.031
0,-0.951,0.507,67.81,-3.357,71.777
-0.003,-0.911,0.512,63.721,-4.272,73.853
-0.012,-0.865,0.522,62.195,-5.127,75.623
0.002,-0.842,0.514,63.538,-4.944,78.125
0.009,-0.837,0.477,66.65,-4.517,80.017
0.021,-0.826,0.448,68.726,-4.333,81.177
0.047,-0.85,0.441,67.078,-5.31,81.726
0.064,-0.866,0.429,60.791,-7.263,80.933
0.08,-0.842,0.438,54.138,-9.644,80.261
0.077,-0.784,0.422,52.856,-11.841,79.041
0.062,-0.776,0.427,57.373,-11.963,78.735
0.082,-0.813,0.424,62.5,-10.864,78.613
0.09,-0.838,0.416,64.209,-10.437,78.003
0.103,-0.816,0.43,62.988,-10.742,77.759
0.108,-0.763,0.424,64.88,-10.742,76.843
0.114,-0.765,0.401,70.068,-10.498,75.5
0.136,-0.792,0.381,71.594,-9.766,74.219
0.16,-0.801,0.38,69.031,-10.376,72.815
0.149,-0.786,0.374,67.688,-11.108,71.716
0.174,-0.814,0.366,64.331,-11.963,70.435
0.176,-0.808,0.36,62.134,-12.817,68.604
0.174,-0.806,0.349,59.326,-14.16,67.383
0.193,-0.807,0.336,54.565,-15.259,66.101
0.194,-0.799,0.333,48.523,-16.174,64.27
0.204,-0.798,0.32,41.443,-17.639,61.279
0.211,-0.791,0.307,35.4,-19.531,58.105
0.207,-0.792,0.322,29.602,-21.301,55.054
0.209,-0.78,0.32,24.841,-23.01,52.063
0.209,-0.775,0.31,21.851,-24.414,49.5
0.213,-0.769,0.321,18.86,-25.146,47.18
0.216,-0.766,0.313,17.334,-25.33,44.739
0.22,-0.779,0.326,17.334,-25.818,42.419
0.225,-0.799,0.347,17.151,-25.94,40.1
0.222,-0.817,0.356,16.602,-25.513,38.086
0.224,-0.815,0.362,15.991,-24.719,36.194
0.224,-0.829,0.356,15.93,-23.926,34.607
0.23,-0.841,0.366,15.32,-22.949,33.569
0.226,-0.844,0.377,13.55,-21.667,32.837
0.236,-0.833,0.382,11.353,-20.203,31.677
0.243,-0.828,0.365,11.414,-18.86,30.151
0.255,-0.837,0.355,12.512,-17.883,28.687
0.262,-0.855,0.338,13.123,-17.151,27.466
0.281,-0.879,0.339,12.451,-16.418,26.489
0.282,-0.864,0.35,9.949,-15.991,25.452
0.28,-0.869,0.352,7.812,-15.625,24.109
0.301,-0.882,0.358,4.517,-14.832,22.827
0.301,-0.897,0.366,-0.549,-14.526,20.996
0.305,-0.885,0.378,-6.226,-14.221,19.348
0.31,-0.842,0.361,-8.728,-13.489,17.334
0.312,-0.811,0.341,-6.226,-12.573,14.709
0.312,-0.803,0.324,-0.244,-11.597,12.146
0.257,-0.823,0.328,5.188,-9.827,9.766
0.323,-0.875,0.336,8.484,-7.141,8.85
0.324,-0.9,0.341,6.897,-6.348,7.324
0.309,-0.909,0.352,1.099,-6.836,5.92
0.321,-0.921,0.367,-5.127,-7.385,5.31
0.327,-0.917,0.392,-11.902,-7.874,4.7
0.323,-0.881,0.413,-16.296,-8.057,3.784
0.316,-0.863,0.42,-15.564,-7.324,2.38
0.306,-0.858,0.406,-12.085,-5.859,0.732
0.308,-0.858,0.38,-7.08,-1.831,-0.61
0.319,-0.885,0.313,0.793,-0.122,-1.038
0.331,-0.913,0.292,1.221,0.732,-1.16
0.335,-0.931,0.289,-0.854,0.854,-1.526
0.337,-0.933,0.308,-4.272,0.671,-1.77
0.333,-0.929,0.322,-6.47,0.427,-1.709
0.328,-0.9,0.333,-6.714,0.305,-2.075
0.332,-0.908,0.337,-4.578,0.244,-1.77
0.336,-0.914,0.318,-2.502,0.427,-1.526
0.339,-0.92,0.3,-2.197,-0.183,-1.343
0.341,-0.908,0.291,-2.991,-1.465,-0.732
0.339,-0.899,0.275,-3.174,-2.686,-0.122
0.332,-0.906,0.279,-3.296,-3.174,0.183
0.331,-0.903,0.297,-3.784,-3.113,0.732
0.326,-0.911,0.317,-3.601,-2.93,1.282
0.327,-0.914,0.333,-3.54,-2.625,2.014
0.329,-0.913,0.345,-3.479,-2.625,2.686
0.33,-0.901,0.357,-3.357,-2.686,3.052
0.331,-0.901,0.376,-4.028,-2.441,3.174
0.328,-0.906,0.372,-5.493,-1.77,3.052
0.333,-0.893,0.371,-7.019,-1.16,3.113
0.334,-0.872,0.358,-7.812,-0.854,3.357
0.33,-0.861,0.351,-7.141,-0.488,3.54
0.33,-0.857,0.348,-3.418,-0.244,3.296
0.33,-0.869,0.353,-2.197,-0.183,2.502
0.332,-0.878,0.353,-1.953,0.122,1.587
0.333,-0.882,0.352,-2.38,0.305,1.038
0.336,-0.887,0.355,-3.113,0.305,0.854
0.335,-0.878,0.356,-3.967,0,0.793
0.335,-0.882,0.347,-2.869,0.061,0.366
0.336,-0.893,0.34,-1.16,0.122,0
0.345,-0.893,0.317,0.305,0.183,0
0.346,-0.897,0.309,1.16,-0.061,-0.244
0.346,-0.898,0.324,0.671,-0.549,-0.183
0.34,-0.911,0.344,-0.549,-1.343,-0.244
0.334,-0.885,0.352,-1.587,-1.648,-0.061
0.339,-0.889,0.368,-1.77,-1.587,0.305
0.342,-0.892,0.378,-1.831,-1.282,0.549
0.34,-0.877,0.377,-1.038,-0.61,0.671
0.339,-0.88,0.37,0.061,0,0.427
0.34,-0.893,0.351,0.61,0.488,0.427
0.339,-0.895,0.342,0.183,0.427,0.366
0.343,-0.898,0.339,-0.183,0.183,0.366
0.345,-0.9,0.336,0.122,-0.122,-0.122
0.345,-0.895,0.336,-0.427,-0.488,-0.427
-0.174,-1.339,0.653,18.86,-67.688,-15.93
-0.17,-1.244,0.713,4.15,-66.895,-9.033
-0.183,-1.112,0.74,2.502,-64.575,2.014
-0.226,-1.166,0.753,10.376,-54.81,11.108
-0.209,-1.207,0.752,13.855,-48.157,22.522
-0.182,-1.206,0.744,13.733,-42.48,31.189
-0.181,-1.16,0.727,16.296,-37.781,37.72
-0.208,-1.086,0.707,23.132,-32.898,43.762
-0.2,-1.067,0.687,31.982,-28.015,50.537
-0.182,-1.054,0.654,42.358,-23.56,57.068
-0.156,-1.041,0.628,50.659,-19.409,63.843
-0.126,-1.046,0.604,56.091,-16.846,69.092
-0.107,-1.033,0.584,59.448,-15.442,73.303
-0.095,-0.998,0.592,61.523,-14.526,77.637
-0.092,-0.933,0.564,65.796,-13.977,79.956
-0.078,-0.914,0.539,69.763,-13.306,82.031
-0.071,-0.877,0.49,78.064,-12.39,83.801
-0.069,-0.836,0.429,91.309,-11.658,86.731
-0.065,-0.812,0.372,110.413,-11.047,89.966
-0.047,-0.866,0.351,124.084,-12.024,92.529
-0.011,-0.929,0.352,125.854,-15.503,92.407
0.005,-0.954,0.356,114.99,-19.165,90.698
0.028,-0.948,0.351,102.905,-23.132,89.05
0.003,-0.906,0.35,97.351,-26.428,86.731
0.015,-0.896,0.339,92.773,-28.503,84.412
0.018,-0.896,0.355,84.29,-31.067,81.421
0.013,-0.899,0.366,70.007,-33.997,78.613
0.017,-0.864,0.355,54.382,-36.011,76.416
0.021,-0.813,0.358,41.382,-37.598,74.402
-0.001,-0.753,0.322,37.231,-37.903,72.266
0.024,-0.754,0.295,37.292,-36.804,71.167
0.033,-0.784,0.29,35.706,-37.72,69.153
0.029,-0.814,0.292,33.63,-38.818,67.383
0.052,-0.834,0.294,29.907,-39.001,65.491
0.058,-0.829,0.311,27.161,-39.124,63.049
0.032,-0.796,0.324,26.917,-39.307,60.12
0.054,-0.798,0.331,26.917,-38.086,58.167
0.047,-0.779,0.328,27.893,-36.56,56.213
0.056,-0.76,0.317,29.541,-34.729,54.565
0.067,-0.756,0.323,28.564,-33.203,52.49
0.078,-0.778,0.343,24.292,-32.288,50.537
0.091,-0.788,0.333,17.761,-31.433,47.791
0.087,-0.766,0.32,13.367,-30.64,45.044
0.106,-0.782,0.309,8.728,-30.029,42.419
0.109,-0.791,0.302,3.235,-30.09,39.063
0.107,-0.779,0.315,-0.671,-29.846,36.194
0.098,-0.772,0.315,-1.526,-28.87,33.508
0.112,-0.776,0.31,1.465,-27.649,31.921
0.11,-0.78,0.297,4.272,-26.306,28.992
0.116,-0.805,0.293,7.507,-25.146,27.71
0.116,-0.825,0.299,10.559,-24.048,26.062
0.125,-0.844,0.311,11.841,-22.461,25.085
0.135,-0.873,0.296,11.536,-20.752,24.475
0.156,-0.884,0.282,9.155,-19.348,23.132
0.165,-0.869,0.285,4.944,-19.165,21.118
0.173,-0.854,0.285,4.15,-18.799,19.653
0.178,-0.854,0.284,6.409,-17.761,17.212
0.15,-0.881,0.274,9.583,-16.907,15.442
0.194,-0.928,0.274,11.658,-15.686,16.541
0.206,-0.954,0.268,12.085,-15.381,15.93
0.19,-0.952,0.278,10.376,-15.747,13.489
0.184,-0.955,0.303,7.202,-15.259,13.184
0.18,-0.946,0.322,2.441,-14.343,12.695
0.182,-0.922,0.327,-2.686,-12.634,12.146
0.189,-0.9,0.347,-8.301,-11.108,11.597
0.192,-0.892,0.36,-11.414,-9.949,10.559
0.193,-0.893,0.352,-11.23,-8.24,8.789
0.2,-0.9,0.338,-8.24,-6.714,7.263
0.2,-0.912,0.331,-3.723,-6.042,5.92
0.197,-0.918,0.316,0.366,-5.554,4.395
0.199,-0.93,0.284,3.235,-4.395,3.052
0.201,-0.937,0.267,3.906,-4.028,2.136
0.2,-0.958,0.269,3.784,-4.089,1.648
0.2,-0.979,0.266,3.845,-3.967,1.343
0.198,-0.992,0.264,3.174,-3.601,0.916
0.197,-1,0.264,2.014,-3.357,1.282
0.196,-1.001,0.275,0.977,-2.991,1.709
0.203,-1.001,0.272,-0.183,-2.869,2.014
0.207,-1.002,0.281,-1.465,-2.686,2.38
0.208,-0.992,0.286,-2.014,-2.197,3.113
0.209,-0.981,0.3,-3.479,-1.953,3.357
0.208,-0.983,0.293,-5.066,-1.709,3.784
0.213,-0.986,0.276,-5.676,-1.343,4.211
0.218,-0.974,0.276,-6.226,-1.038,4.517
0.215,-0.967,0.276,-6.47,-1.16,4.883
0.215,-0.959,0.274,-6.714,-1.221,4.761
0.222,-0.943,0.257,-5.432,-0.977,4.578
0.224,-0.943,0.253,-3.662,-0.977,4.333
0.226,-0.952,0.257,-2.563,-1.465,4.395
0.225,-0.96,0.258,-2.808,-1.648,4.028
0.223,-0.946,0.257,-3.906,-2.014,3.845
0.219,-0.941,0.265,-4.944,-2.502,3.54
0.219,-0.954,0.27,-5.005,-2.686,3.418
0.213,-0.978,0.284,-4.15,-2.869,3.357
0.207,-0.977,0.298,-4.517,-2.991,3.479
0.2,-0.964,0.313,-5.615,-3.113,3.784
0.204,-0.944,0.302,-5.981,-2.625,3.967
0.208,-0.938,0.286,-5.31,-1.648,3.906
0.211,-0.938,0.272,-3.784,-0.732,4.272
0.216,-0.945,0.282,-4.211,0,5.249
0.215,-0.963,0.295,-3.601,-0.061,5.493
0.217,-0.961,0.294,-1.526,0.305,5.127
0.217,-0.951,0.298,-0.671,0.427,4.822
0.216,-0.949,0.308,-1.221,0.183,4.333
0.216,-0.947,0.313,-2.441,0.244,3.906
0.215,-0.948,0.314,-3.662,0.427,3.479
0.214,-0.949,0.309,-4.7,0.549,3.113
0.218,-0.941,0.284,-4.7,0.854,3.113
0.224,-0.936,0.269,-4.211,1.16,3.052
0.226,-0.936,0.267,-3.967,1.526,3.052
0.225,-0.954,0.273,-3.967,1.77,2.747
0.225,-0.96,0.263,-4.333,1.343,2.808
0.234,-0.961,0.269,-4.333,0.916,2.625
0.234,-0.958,0.279,-3.845,0.854,2.38
0.23,-0.955,0.285,-4.395,0.488,2.014
0.229,-0.948,0.291,-5.127,0.061,1.892
0.224,-0.943,0.3,-4.517,-0.488,1.892
0.224,-0.944,0.297,-2.625,-0.427,1.648
0.224,-0.94,0.291,-1.587,-0.427,1.16
-0.259,-1.22,0.707,128.113,-50.659,-29.602
-0.271,-1.355,0.661,131.348,-46.387,-19.043
-0.248,-1.45,0.644,119.934,-44.861,-8.179
-0.23,-1.413,0.746,74.829,-40.344,13.977
-0.22,-1.393,0.81,61.646,-34.79,27.405
-0.194,-1.341,0.842,57.983,-26.672,41.626
-0.159,-1.265,0.826,58.044,-17.7,54.565
-0.129,-1.214,0.78,58.777,-9.521,65.979
-0.1,-1.182,0.732,58.289,-2.747,76.05
-0.069,-1.142,0.682,57.251,2.869,85.144
-0.052,-1.098,0.653,56.03,7.324,92.224
-0.034,-1.013,0.614,56.885,10.742,98.328
-0.012,-0.964,0.587,58.167,12.756,102.295
0,-0.931,0.559,59.143,13.062,104.736
0.021,-0.916,0.532,58.533,12.756,106.873
0.038,-0.908,0.506,56.702,11.536,108.093
0.049,-0.882,0.485,56.152,9.399,108.887
0.044,-0.837,0.467,58.228,6.897,108.704
0.05,-0.797,0.456,63.049,4.639,108.215
0.066,-0.796,0.44,68.237,2.014,107.178
0.096,-0.798,0.432,72.205,-0.671,105.347
0.101,-0.781,0.43,74.829,-4.272,101.44
0.112,-0.77,0.422,77.881,-7.874,97.29
0.119,-0.753,0.406,83.801,-11.108,92.224
0.111,-0.739,0.389,91.736,-14.343,87.036
0.112,-0.778,0.36,96.313,-17.09,82.581
0.131,-0.802,0.341,95.947,-19.836,78.735
0.135,-0.788,0.334,94.482,-23.071,75.623
0.139,-0.797,0.349,89.355,-26.184,71.472
0.133,-0.831,0.34,82.52,-28.87,67.2
0.154,-0.84,0.341,71.594,-32.166,64.331
0.157,-0.827,0.341,56.885,-35.767,61.34
0.151,-0.801,0.348,41.687,-39.185,58.044
0.144,-0.755,0.361,30.579,-42.053,55.298
0.146,-0.721,0.354,22.949,-43.274,52.185
0.15,-0.694,0.345,16.968,-43.945,49.133
0.173,-0.701,0.341,12.451,-44.373,46.265
0.175,-0.698,0.34,10.681,-44.373,42.542
0.18,-0.693,0.344,12.817,-42.969,40.161
0.186,-0.709,0.352,16.846,-41.382,37.659
0.192,-0.722,0.37,20.386,-39.734,35.278
0.189,-0.742,0.376,23.376,-37.659,32.593
0.197,-0.752,0.373,26.672,-35.156,30.64
0.185,-0.798,0.378,28.198,-33.63,28.381
0.2,-0.839,0.393,26.367,-32.288,27.1
0.205,-0.828,0.39,23.01,-31.006,25.696
0.194,-0.804,0.399,18.738,-30.09,23.56
0.181,-0.788,0.41,15.808,-28.992,22.278
0.197,-0.797,0.399,13.794,-27.283,21.423
0.194,-0.8,0.368,11.719,-25.208,19.836
0.212,-0.809,0.349,9.644,-23.254,19.653
0.219,-0.836,0.337,6.775,-21.973,19.531
0.221,-0.853,0.347,3.845,-21.179,19.043
0.224,-0.856,0.358,1.587,-20.142,17.944
0.217,-0.857,0.358,0.549,-19.043,16.968
0.213,-0.853,0.367,0.671,-17.639,15.869
0.211,-0.837,0.373,1.526,-16.296,14.465
0.212,-0.839,0.372,2.625,-14.771,12.878
0.214,-0.84,0.368,2.686,-13.184,11.475
0.225,-0.833,0.363,1.282,-12.024,10.315
0.237,-0.831,0.355,-0.488,-10.803,9.216
0.252,-0.841,0.349,-0.549,-9.399,7.874
0.262,-0.855,0.352,-0.427,-8.667,6.348
0.264,-0.872,0.353,2.075,-7.996,5.005
0.268,-0.899,0.343,6.104,-7.019,4.089
0.261,-0.92,0.346,8.85,-5.981,3.784
0.254,-0.945,0.359,9.338,-4.761,4.272
0.26,-0.954,0.372,6.226,-3.723,5.005
0.248,-0.929,0.384,1.709,-3.113,5.005
0.243,-0.921,0.387,-2.441,-2.38,5.188
0.252,-0.922,0.38,-6.042,-1.404,5.981
0.267,-0.897,0.359,-7.996,-0.366,6.836
0.279,-0.9,0.327,-5.92,0.427,6.897
0.285,-0.896,0.307,-2.93,0.916,6.348
0.284,-0.92,0.31,-0.732,0.671,5.371
0.282,-0.93,0.312,1.282,0.732,4.822
0.277,-0.94,0.31,2.258,0.793,4.395
0.274,-0.96,0.31,1.892,0.427,4.272
0.271,-0.963,0.311,-0.183,-0.183,4.456
0.274,-0.942,0.317,-2.625,-0.977,4.639
0.277,-0.927,0.32,-3.235,-1.038,4.456
0.281,-0.922,0.303,-2.747,-1.221,4.028
0.291,-0.934,0.296,-2.319,-1.465,4.089
0.289,-0.927,0.304,-1.587,-2.258,3.723
0.285,-0.937,0.319,-0.61,-3.052,2.869
0.284,-0.931,0.335,-1.099,-3.54,2.38
0.283,-0.927,0.347,-2.197,-3.54,2.136
0.284,-0.922,0.352,-4.395,-3.479,1.831
0.288,-0.904,0.35,-6.836,-3.479,1.892
0.287,-0.898,0.347,-7.996,-3.174,1.648
0.283,-0.896,0.347,-7.385,-2.747,1.526
0.283,-0.895,0.335,-5.92,-2.258,1.343
0.279,-0.89,0.329,-3.845,-1.648,0.854
0.272,-0.891,0.325,-1.892,-1.526,0.732
0.268,-0.903,0.319,-0.549,-1.587,0.671
0.268,-0.913,0.32,-0.793,-1.526,0.916
0.27,-0.911,0.333,-1.892,-1.526,1.282
0.269,-0.913,0.339,-2.38,-1.587,1.709
0.27,-0.921,0.342,-2.686,-1.77,2.014
0.267,-0.924,0.345,-2.563,-1.587,2.563
0.269,-0.908,0.34,-1.404,-1.099,3.235
0.271,-0.907,0.33,0.122,-0.854,4.028
0.278,-0.931,0.322,1.221,-0.671,4.578
0.277,-0.932,0.313,1.77,-0.61,5.371
0.279,-0.92,0.319,1.16,-0.671,6.348
0.279,-0.913,0.325,0.305,-0.793,7.08
0.28,-0.914,0.322,-0.549,-0.916,7.141
0.284,-0.915,0.326,-1.526,-0.671,7.324
0.288,-0.916,0.335,-2.563,-0.671,7.568
0.289,-0.904,0.347,-3.235,-0.732,7.568
0.287,-0.888,0.347,-2.502,-0.916,7.019
0.286,-0.892,0.342,-1.282,-0.732,5.981
0.286,-0.896,0.338,-0.427,-0.183,5.249
0.284,-0.901,0.341,0.427,-0.061,4.883
0.286,-0.909,0.351,1.282,0.122,4.761
0.288,-0.914,0.349,1.648,0.183,3.906
0.289,-0.913,0.341,1.465,0.244,3.235
0.293,-0.92,0.341,0.793,0.183,2.563
0.295,-0.927,0.342,-0.122,0.061,2.075
-0.043,-1.291,0.67,29.724,-38.818,15.32
-0.056,-1.189,0.737,22.339,-35.278,23.499
-0.064,-1.125,0.766,27.466,-28.687,31.25
-0.047,-1.109,0.757,53.223,-12.512,47.424
0.017,-1.122,0.693,62.073,-6.958,54.993
0.05,-1.094,0.635,66.284,-3.174,62.866
0.09,-1.065,0.589,68.542,-0.732,69.092
0.094,-1.04,0.55,71.411,0,72.388
0.102,-0.998,0.523,78.674,1.038,75.684
0.117,-0.998,0.519,84.839,0.366,78.613
0.129,-1.01,0.513,86.609,-1.526,80.688
0.144,-1.006,0.514,84.106,-3.54,82.092
0.149,-0.98,0.52,80.933,-5.92,82.214
0.142,-0.941,0.506,82.275,-7.263,81.97
0.14,-0.917,0.483,90.027,-7.263,81.665
0.139,-0.931,0.457,98.572,-7.935,79.956
0.165,-0.957,0.403,103.516,-10.254,77.454
0.177,-0.967,0.367,103.516,-14.404,75.195
0.172,-0.962,0.359,102.6,-18.433,73.12
0.171,-0.951,0.357,102.905,-21.729,72.388
0.182,-0.955,0.37,102.051,-24.109,71.655
0.198,-0.945,0.369,99.792,-26.367,70.74
0.172,-0.934,0.374,98.694,-31.311,69.58
0.167,-0.92,0.35,95.52,-32.776,68.054
0.171,-0.919,0.345,91.125,-32.288,65.796
0.173,-0.91,0.329,84.839,-33.997,63.904
0.182,-0.897,0.317,75.745,-36.316,62.866
0.19,-0.896,0.297,65.796,-38.391,61.401
0.193,-0.883,0.282,55.481,-40.71,59.509
0.19,-0.841,0.265,47.302,-42.175,57.922
0.183,-0.826,0.276,42.175,-43.335,55.908
0.188,-0.82,0.277,40.527,-43.579,54.504
0.2,-0.832,0.284,39.307,-43.579,53.528
0.191,-0.823,0.295,36.499,-43.945,51.941
0.191,-0.809,0.307,34.119,-43.457,50.903
0.195,-0.807,0.315,32.593,-42.358,49.927
0.199,-0.81,0.316,31.128,-41.382,48.462
0.204,-0.812,0.305,28.748,-40.405,46.387
0.217,-0.815,0.278,26.123,-39.49,44.922
0.216,-0.822,0.281,22.644,-39.307,43.152
0.221,-0.809,0.277,18.555,-39.063,41.077
0.214,-0.8,0.295,15.076,-38.452,39.124
0.22,-0.799,0.309,12.817,-37.354,37.659
0.222,-0.815,0.312,10.742,-35.828,35.828
0.236,-0.823,0.325,8.606,-34.302,34.363
0.247,-0.825,0.326,5.432,-32.776,32.227
0.246,-0.812,0.339,0.793,-31.799,29.785
0.248,-0.789,0.345,-2.991,-30.457,27.1
0.257,-0.767,0.319,-5.188,-28.992,24.597
0.265,-0.763,0.302,-5.371,-27.466,22.278
0.274,-0.768,0.296,-5.31,-25.94,20.142
0.285,-0.764,0.28,-5.066,-24.353,18.127
0.29,-0.777,0.291,-4.333,-22.644,15.808
0.287,-0.785,0.311,-2.197,-20.874,13.367
0.287,-0.795,0.323,1.465,-19.104,11.169
0.283,-0.809,0.343,4.7,-16.785,8.911
0.286,-0.815,0.351,6.958,-14.404,6.897
0.3,-0.83,0.344,9.583,-12.573,4.639
0.283,-0.847,0.34,11.23,-10.681,3.479
0.326,-0.895,0.334,11.353,-8.911,3.723
0.318,-0.912,0.325,8.85,-8.301,1.587
0.309,-0.89,0.313,4.639,-8.118,0
0.296,-0.897,0.282,3.418,-7.751,-0.122
0.292,-0.863,0.247,4.272,-6.836,0.977
0.298,-0.874,0.22,5.31,-6.042,2.441
0.306,-0.899,0.223,5.249,-5.31,3.479
0.313,-0.933,0.231,3.54,-4.822,3.906
0.314,-0.945,0.254,1.343,-4.517,3.784
0.313,-0.95,0.275,-0.061,-4.395,3.723
0.317,-0.963,0.295,-0.366,-4.15,3.723
0.324,-0.942,0.303,-0.183,-3.662,3.601
0.325,-0.929,0.304,0.793,-3.357,3.052
0.327,-0.935,0.29,2.319,-3.113,2.625
0.33,-0.946,0.276,2.441,-2.93,2.38
0.336,-0.942,0.267,1.221,-2.625,2.441
0.338,-0.931,0.245,0.427,-2.502,2.625
0.337,-0.927,0.235,0.732,-2.625,3.174
0.337,-0.935,0.237,-0.305,-2.625,3.418
0.334,-0.948,0.254,-2.197,-2.808,3.662
0.333,-0.945,0.273,-4.089,-2.502,4.395
0.335,-0.938,0.286,-5.371,-2.319,4.822
0.341,-0.936,0.289,-5.493,-1.892,4.822
0.344,-0.935,0.287,-4.639,-1.526,4.578
0.344,-0.938,0.269,-3.418,-1.282,4.089
0.342,-0.926,0.257,-3.174,-1.343,3.906
0.34,-0.924,0.251,-2.136,-1.465,3.784
0.333,-0.922,0.252,-0.549,-1.709,3.479
0.33,-0.925,0.254,0,-1.953,3.601
0.334,-0.937,0.258,-1.16,-1.953,3.967
0.342,-0.949,0.254,-3.479,-1.77,4.456
0.345,-0.948,0.26,-6.409,-1.709,5.31
0.346,-0.924,0.282,-9.521,-2.258,6.042
0.343,-0.9,0.306,-10.376,-2.502,5.859
0.341,-0.895,0.319,-7.629,-2.136,4.944
0.341,-0.899,0.307,-4.7,-1.343,3.906
0.351,-0.915,0.281,-2.869,-0.427,2.747
0.356,-0.927,0.252,-1.892,0,2.502
0.351,-0.935,0.245,-2.136,-0.061,2.563
0.348,-0.913,0.243,-3.357,-0.671,2.319
0.343,-0.899,0.25,-4.028,-1.526,2.014
0.341,-0.901,0.254,-3.235,-2.502,1.77
0.345,-0.912,0.261,-2.441,-2.991,1.526
0.35,-0.907,0.271,-2.258,-2.991,0.977
0.345,-0.907,0.284,-1.892,-2.869,0.488
0.338,-0.91,0.29,-0.916,-2.991,0.122
0.337,-0.91,0.283,0.183,-3.052,0.183
0.336,-0.91,0.28,0.854,-2.686,0
0.338,-0.913,0.272,0.61,-2.38,0.061
0.34,-0.915,0.276,-0.122,-2.258,0.244
0.338,-0.917,0.277,-0.244,-1.953,0.61
0.338,-0.913,0.262,-0.061,-1.587,0.793
0.341,-0.909,0.257,0.122,-1.16,1.465
0.341,-0.924,0.261,-0.061,-0.916,2.197
0.335,-0.934,0.256,-0.793,-1.099,2.563
0.337,-0.93,0.27,-2.075,-1.587,2.93
0.338,-0.934,0.286,-2.319,-1.648,3.052
0.335,-0.935,0.296,-2.014,-1.892,3.052
0.332,-0.921,0.31,-2.075,-1.892,3.113
0.331,-0.902,0.318,-2.014,-1.587,3.052
-0.118,-1.365,0.653,77.209,-42.175,-0.61
-0.122,-1.395,0.653,75.134,-40.1,6.836
-0.128,-1.395,0.667,67.078,-37.231,15.32
-0.121,-1.385,0.69,56.763,-33.569,25.208
-0.116,-1.338,0.704,49.927,-28.442,35.767
-0.105,-1.287,0.695,47.791,-22.034,45.776
-0.105,-1.27,0.668,49.927,-14.893,55.42
-0.094,-1.234,0.619,56.152,-7.629,66.406
-0.07,-1.206,0.571,62.561,-1.892,75.256
-0.049,-1.177,0.526,67.81,2.319,82.947
-0.033,-1.134,0.473,72.388,4.7,89.355
-0.021,-1.088,0.436,76.538,6.226,94.421
-0.008,-1.048,0.413,77.148,5.859,97.473
0.022,-1.008,0.396,75.073,4.028,99.915
0.052,-0.979,0.392,70.618,1.038,101.074
0.072,-0.939,0.393,64.819,-3.113,100.708
0.086,-0.898,0.384,59.143,-7.507,99.365
0.101,-0.88,0.377,53.833,-12.085,97.595
0.112,-0.865,0.349,51.025,-16.479,95.764
0.121,-0.841,0.34,49.194,-20.569,93.628
0.128,-0.838,0.33,46.082,-24.414,90.271
0.139,-0.813,0.33,42.236,-27.649,87.341
0.143,-0.788,0.335,40.1,-30.151,84.106
0.147,-0.751,0.331,40.71,-31.189,80.078
0.139,-0.725,0.335,44.617,-31.799,76.172
0.141,-0.753,0.347,48.34,-32.532,72.144
0.157,-0.776,0.362,48.096,-33.569,68.604
0.163,-0.763,0.368,44.983,-34.607,65.491
0.159,-0.766,0.379,40.1,-35.645,62.5
0.162,-0.747,0.388,35.4,-36.56,59.814
0.162,-0.716,0.388,32.41,-36.926,56.824
0.162,-0.7,0.377,29.724,-37.292,53.65
0.174,-0.701,0.368,27.71,-37.476,51.025
0.171,-0.695,0.365,26.306,-37.17,48.523
0.183,-0.708,0.35,26.123,-36.499,45.898
0.192,-0.752,0.355,25.879,-35.889,43.396
0.195,-0.769,0.364,23.071,-35.583,40.955
0.194,-0.76,0.353,20.691,-34.79,38.574
0.193,-0.768,0.369,19.653,-33.63,36.316
0.195,-0.75,0.38,17.639,-32.104,34.668
0.185,-0.745,0.394,16.602,-30.64,32.532
0.19,-0.762,0.395,15.869,-28.992,31.006
0.202,-0.781,0.388,13.55,-27.527,29.846
0.199,-0.783,0.39,8.85,-26.428,28.442
0.206,-0.772,0.378,6.47,-24.536,26.855
0.2,-0.764,0.368,6.287,-23.071,24.475
0.201,-0.767,0.361,6.592,-21.484,23.193
0.223,-0.779,0.326,9.033,-19.531,22.278
0.24,-0.799,0.309,10.925,-17.395,20.874
0.244,-0.805,0.321,11.536,-15.686,19.592
0.236,-0.82,0.327,12.39,-14.282,18.127
0.252,-0.831,0.337,13.489,-12.451,16.907
0.238,-0.843,0.357,14.465,-11.292,14.832
0.235,-0.854,0.372,14.832,-9.949,12.817
0.248,-0.87,0.374,15.259,-8.667,11.23
0.23,-0.874,0.368,14.221,-7.69,9.094
0.24,-0.881,0.337,12.878,-7.08,7.996
0.266,-0.906,0.318,12.268,-6.714,7.324
0.273,-0.926,0.285,10.071,-6.653,6.409
0.28,-0.915,0.275,7.507,-6.47,5.676
0.259,-0.9,0.263,7.263,-6.165,4.639
0.277,-0.909,0.253,10.01,-5.493,4.089
0.285,-0.951,0.244,14.343,-4.395,3.906
0.268,-0.962,0.25,18.188,-3.662,4.089
0.278,-0.972,0.259,21.118,-3.052,4.578
0.286,-0.994,0.269,22.217,-2.869,4.639
0.276,-0.993,0.269,20.874,-3.296,4.15
0.288,-0.996,0.249,18.494,-4.15,4.272
0.303,-0.985,0.239,14.16,-5.188,4.333
0.3,-0.988,0.233,8.118,-6.958,4.517
0.306,-0.975,0.235,1.892,-8.118,5.493
0.307,-0.958,0.245,-3.601,-9.216,6.592
0.306,-0.936,0.257,-6.836,-9.766,7.08
0.306,-0.922,0.274,-6.775,-9.583,7.263
0.3,-0.922,0.295,-3.967,-9.277,6.958
0.304,-0.944,0.29,-0.183,-8.545,6.409
0.308,-0.974,0.285,1.77,-7.874,6.226
0.313,-0.973,0.292,1.16,-7.385,6.531
0.312,-0.966,0.3,-0.061,-7.568,6.409
0.301,-0.962,0.314,-1.526,-7.69,6.409
0.292,-0.963,0.323,-4.028,-7.935,6.775
0.29,-0.951,0.339,-7.202,-7.812,7.507
0.287,-0.916,0.352,-9.705,-6.897,8.118
0.289,-0.915,0.336,-9.277,-5.798,7.996
0.294,-0.92,0.305,-6.775,-4.822,8.057
0.298,-0.927,0.297,-5.615,-4.089,8.423
0.304,-0.942,0.293,-6.042,-3.296,8.667
0.297,-0.93,0.305,-6.897,-2.747,8.24
0.286,-0.927,0.318,-8.057,-2.502,7.446
0.287,-0.93,0.32,-9.46,-2.502,7.08
0.291,-0.922,0.322,-11.23,-2.258,6.958
0.294,-0.914,0.32,-12.695,-1.77,6.958
0.3,-0.911,0.308,-13.55,-1.465,6.714
0.307,-0.901,0.299,-13.306,-1.648,6.47
0.308,-0.879,0.299,-11.78,-1.648,6.104
0.306,-0.868,0.283,-9.033,-1.221,5.493
0.311,-0.889,0.262,-5.493,-0.61,5.005
0.311,-0.909,0.262,-3.113,-0.122,5.066
0.313,-0.919,0.271,-2.686,-0.122,4.944
0.311,-0.924,0.275,-2.625,-0.488,4.7
0.306,-0.923,0.283,-2.808,-1.038,4.578
0.31,-0.926,0.301,-3.235,-1.587,4.822
0.308,-0.93,0.307,-4.272,-1.587,5.31
0.31,-0.91,0.318,-6.836,-1.953,6.042
0.309,-0.891,0.319,-8.545,-1.892,6.287
0.311,-0.885,0.316,-8.911,-1.953,6.592
0.321,-0.892,0.319,-6.653,-1.343,6.836
0.319,-0.883,0.312,-4.15,-0.793,6.653
0.322,-0.889,0.302,-2.38,-0.488,5.859
0.326,-0.901,0.299,-2.319,-0.122,5.31
0.329,-0.907,0.294,-3.296,-0.244,4.456
0.33,-0.903,0.298,-3.845,-0.61,3.845
0.325,-0.906,0.304,-3.906,-1.404,3.174
0.321,-0.904,0.309,-4.272,-2.014,2.563
0.322,-0.896,0.32,-4.761,-2.441,2.319
0.319,-0.891,0.333,-4.272,-2.258,2.014
0.319,-0.897,0.337,-2.075,-1.709,1.526
0.32,-0.897,0.331,0.488,-1.282,0.977
0.314,-0.903,0.33,1.587,-0.854,0.122
-0.092,-1.335,0.73,64.453,-28.32,12.695
-0.084,-1.347,0.803,48.218,-25.574,21.057
-0.098,-1.308,0.843,38.635,-20.752,29.358
-0.094,-1.279,0.849,36.072,-13.184,39.185
-0.072,-1.27,0.76,42.48,4.15,61.768
-0.025,-1.189,0.735,45.288,11.536,72.083
0.001,-1.157,0.698,47.485,17.517,80.994
0.025,-1.102,0.648,51.697,21.79,89.172
0.031,-1.027,0.596,58.411,24.475,95.459
0.056,-0.984,0.56,64.209,25.879,99.548
0.086,-0.96,0.525,69.885,25.94,102.173
0.114,-0.943,0.509,75.134,25.33,104.309
0.137,-0.922,0.487,79.59,23.376,105.225
0.156,-0.895,0.461,81.543,19.958,105.286
0.169,-0.862,0.435,83.252,15.503,105.042
0.183,-0.853,0.414,84.961,10.437,104.187
0.184,-0.857,0.396,85.51,5.31,102.905
0.202,-0.877,0.384,82.581,0.244,101.074
0.208,-0.854,0.378,79.773,-4.944,99.304
0.203,-0.828,0.4,75.928,-9.46,96.741
0.202,-0.808,0.407,72.327,-13.977,92.896
0.204,-0.79,0.406,68.481,-18.799,89.111
0.216,-0.776,0.394,65.613,-22.705,85.815
0.227,-0.779,0.391,63.354,-25.696,82.886
0.239,-0.791,0.38,59.937,-28.931,79.834
0.242,-0.785,0.359,56.274,-31.372,77.026
0.235,-0.752,0.334,53.894,-33.142,74.219
0.247,-0.728,0.319,54.016,-34.79,71.106
0.249,-0.726,0.315,54.382,-36.133,67.81
0.254,-0.724,0.337,51.514,-38.33,60.73
0.261,-0.685,0.37,53.467,-38.513,57.312
0.26,-0.702,0.371,56.519,-38.818,53.162
0.277,-0.744,0.368,56.396,-39.429,50.232
0.286,-0.744,0.364,52.49,-40.161,47.729
0.288,-0.74,0.354,48.34,-40.71,44.861
0.28,-0.744,0.357,44.128,-41.748,41.87
0.281,-0.748,0.355,38.452,-42.969,39.063
0.279,-0.739,0.353,32.593,-44.067,36.56
0.262,-0.717,0.361,27.588,-44.434,34.058
0.265,-0.701,0.348,27.222,-43.335,31.982
0.28,-0.727,0.352,28.259,-42.114,29.48
0.284,-0.754,0.372,27.405,-41.26,27.771
0.277,-0.757,0.388,25.391,-40.161,25.391
0.274,-0.764,0.406,25.33,-38.208,23.499
0.27,-0.779,0.42,27.222,-36.133,21.912
0.276,-0.803,0.423,28.198,-33.508,20.996
0.275,-0.818,0.435,27.039,-30.945,20.142
0.282,-0.81,0.437,25.085,-28.381,19.47
0.287,-0.816,0.41,24.658,-25.94,18.738
0.304,-0.814,0.394,23.01,-24.292,17.822
0.305,-0.82,0.367,20.081,-22.766,16.968
0.312,-0.844,0.365,16.479,-21.301,16.113
0.309,-0.849,0.38,9.705,-19.958,15.564
0.298,-0.842,0.395,0.366,-18.677,14.893
0.298,-0.812,0.405,-7.568,-17.578,14.587
0.307,-0.807,0.405,-10.376,-15.564,13.855
0.31,-0.823,0.413,-10.132,-13.489,12.451
0.312,-0.839,0.417,-10.437,-11.597,11.108
0.315,-0.861,0.428,-10.498,-9.888,9.888
0.323,-0.855,0.425,-7.935,-8.057,8.301
0.33,-0.857,0.4,-3.113,-5.981,6.592
0.336,-0.86,0.36,0.732,-4.395,5.371
0.34,-0.857,0.326,1.343,-3.174,4.944
0.349,-0.859,0.318,0.427,-2.38,4.944
0.354,-0.873,0.329,-1.038,-1.709,4.761
0.356,-0.893,0.346,-3.906,-0.916,4.211
0.366,-0.887,0.362,-6.226,-0.488,3.906
0.368,-0.871,0.374,-6.104,-0.366,3.479
0.369,-0.862,0.375,-3.845,0.122,2.808
0.375,-0.852,0.35,-0.305,0.977,2.014
0.376,-0.849,0.333,2.625,1.709,1.16
0.38,-0.858,0.312,5.127,2.014,0.183
0.383,-0.882,0.295,6.897,2.075,-0.732
0.378,-0.887,0.293,6.836,1.465,-1.16
0.369,-0.885,0.292,5.493,0.305,-1.587
0.366,-0.899,0.289,3.967,-0.549,-1.892
0.365,-0.898,0.293,2.747,-1.587,-1.465
0.365,-0.898,0.304,2.319,-2.319,-1.221
0.361,-0.896,0.313,2.808,-2.93,-1.038
0.361,-0.905,0.31,3.845,-3.235,-1.099
0.357,-0.898,0.315,5.432,-3.479,-1.099
0.353,-0.898,0.314,7.385,-3.662,-0.671
0.352,-0.906,0.297,8.667,-3.601,-0.183
0.353,-0.917,0.288,7.812,-3.479,0.854
0.344,-0.922,0.295,6.042,-3.296,2.38
0.377,-0.924,0.322,3.906,-2.808,3.296
0.358,-0.915,0.328,2.136,-3.113,3.235
0.356,-0.922,0.339,1.16,-3.174,3.54
0.359,-0.92,0.35,0.183,-2.747,4.028
0.366,-0.906,0.357,-0.366,-2.136,4.639
0.366,-0.919,0.358,0.061,-1.526,4.883
0.365,-0.911,0.353,-0.244,-1.038,5.371
0.368,-0.917,0.359,-2.563,-0.427,5.92
0.369,-0.891,0.346,-5.066,0.061,6.409
0.377,-0.879,0.317,-5.92,0.122,6.104
0.383,-0.881,0.311,-5.554,0.183,5.737
0.384,-0.887,0.309,-5.066,-0.122,5.31
0.384,-0.88,0.307,-5.249,-0.732,4.761
0.385,-0.863,0.303,-3.662,-0.793,4.15
0.376,-0.87,0.309,-1.587,-0.732,3.479
0.37,-0.888,0.325,-1.16,-0.61,2.991
0.371,-0.884,0.335,-2.319,-0.977,2.563
0.369,-0.866,0.336,-2.441,-1.221,1.77
0.363,-0.855,0.336,-0.854,-1.404,0.977
0.353,-0.847,0.334,0.122,-1.465,0.122
0.352,-0.852,0.328,-0.671,-1.16,-0.488
0.362,-0.863,0.324,-1.648,-0.732,-1.16
0.37,-0.869,0.322,-2.075,-0.549,-2.136
0.37,-0.858,0.327,-1.587,-0.61,-3.174
0.365,-0.857,0.335,0.427,-0.854,-4.333
0.366,-0.878,0.337,2.93,-0.854,-5.127
0.367,-0.885,0.323,4.883,-0.427,-5.493
0.368,-0.893,0.316,6.592,-0.305,-5.31
0.366,-0.906,0.319,6.592,-0.183,-5.371
0.365,-0.904,0.32,5.432,-0.549,-5.31
0.365,-0.891,0.323,4.639,-0.549,-5.249
0.366,-0.898,0.323,4.272,-0.427,-5.127
0.366,-0.912,0.323,4.028,-0.122,-4.578
0.369,-0.917,0.316,3.479,0.244,-3.967
-0.043,-1.212,0.817,24.658,-41.199,10.315
-0.044,-1.16,0.846,20.325,-35.889,19.104
-0.033,-1.119,0.863,19.714,-29.419,27.222
-0.021,-1.085,0.856,22.888,-22.888,34.729
-0.005,-1.054,0.836,27.649,-16.602,41.321
0.021,-0.994,0.775,35.278,-11.719,47.058
0.026,-0.926,0.722,45.715,-8.484,51.453
0.026,-0.895,0.675,58.35,-5.005,55.359
0.048,-0.879,0.625,72.449,-1.099,60.73
0.078,-0.899,0.587,83.74,2.319,65.796
0.102,-0.923,0.574,89.905,4.578,69.275
0.12,-0.924,0.569,92.773,5.798,72.571
0.126,-0.914,0.594,91.003,5.31,72.815
0.119,-0.882,0.61,87.708,3.662,71.838
0.122,-0.874,0.591,83.069,2.197,72.205
0.129,-0.862,0.581,78.735,0.427,72.876
0.114,-0.804,0.53,80.505,0,73.975
0.113,-0.791,0.485,84.473,-0.427,74.463
0.108,-0.803,0.433,90.149,-1.221,73.669
0.123,-0.812,0.414,93.14,-3.418,73.486
0.134,-0.831,0.419,91.492,-6.165,71.777
0.151,-0.829,0.439,88.379,-8.362,70.129
0.16,-0.825,0.453,87.708,-10.193,69.519
0.162,-0.822,0.441,87.524,-11.23,68.481
0.167,-0.821,0.421,87.769,-11.292,67.993
0.17,-0.829,0.412,85.449,-12.146,67.078
0.173,-0.834,0.402,79.834,-13.611,66.711
0.179,-0.817,0.377,72.327,-15.93,66.345
0.166,-0.756,0.359,67.871,-17.212,65.979
0.182,-0.762,0.364,65.063,-17.395,64.27
0.207,-0.797,0.351,61.768,-18.921,62.622
0.209,-0.794,0.37,52.551,-21.973,60.791
0.209,-0.751,0.411,43.213,-24.719,58.35
0.206,-0.724,0.413,40.649,-24.963,56.152
0.219,-0.739,0.41,42.175,-23.804,54.443
0.237,-0.75,0.392,43.457,-22.461,52.917
0.254,-0.753,0.359,41.748,-21.973,50.964
0.257,-0.745,0.351,38.452,-22.217,48.95
0.255,-0.743,0.37,33.508,-22.461,46.753
0.24,-0.729,0.4,30.151,-22.644,44.495
0.24,-0.738,0.424,28.748,-22.461,42.419
0.24,-0.745,0.427,27.771,-21.79,40.039
0.241,-0.763,0.422,27.283,-20.691,38.147
0.252,-0.784,0.419,25.574,-19.958,36.377
0.265,-0.795,0.409,21.484,-20.02,34.363
0.25,-0.767,0.388,17.883,-20.203,31.921
0.255,-0.742,0.349,16.235,-19.47,30.396
0.28,-0.764,0.33,16.785,-18.616,29.297
0.285,-0.783,0.316,15.808,-18.372,27.466
0.278,-0.788,0.304,13.245,-18.86,25.574
0.286,-0.786,0.306,12.695,-18.677,24.353
0.291,-0.793,0.327,12.695,-18.25,22.766
0.286,-0.817,0.351,13.245,-18.066,20.935
0.28,-0.832,0.377,13.794,-16.907,19.592
0.296,-0.839,0.389,15.015,-15.32,18.921
0.292,-0.829,0.385,16.357,-14.038,18.005
0.299,-0.829,0.364,18.188,-12.451,17.212
0.325,-0.842,0.345,18.494,-10.925,16.235
0.329,-0.861,0.34,17.273,-10.62,14.893
0.325,-0.876,0.349,13.977,-10.498,13.306
0.329,-0.886,0.35,10.254,-10.376,12.024
0.329,-0.894,0.365,7.141,-10.01,11.658
0.328,-0.895,0.386,3.784,-9.521,11.414
0.312,-0.879,0.408,-0.244,-8.972,10.742
0.314,-0.867,0.418,-4.15,-8.118,9.949
0.322,-0.856,0.418,-7.202,-7.141,9.216
0.335,-0.832,0.397,-8.118,-5.798,8.301
0.345,-0.826,0.373,-7.141,-4.333,6.775
0.347,-0.802,0.366,-4.7,-3.235,5.127
0.349,-0.805,0.343,-0.366,-2.075,2.93
0.35,-0.819,0.315,3.967,-1.16,0.732
0.353,-0.836,0.303,6.348,-0.183,-0.916
0.35,-0.846,0.306,7.446,-0.122,-2.563
0.347,-0.858,0.307,7.996,0.061,-4.028
0.315,-0.866,0.308,8.545,-0.061,-4.822
0.392,-0.903,0.306,9.155,0.366,-4.395
0.364,-0.906,0.309,8.301,-0.244,-5.798
0.36,-0.906,0.296,8.179,-0.671,-6.47
0.363,-0.91,0.295,9.399,-0.793,-6.287
0.332,-0.901,0.289,11.597,-0.793,-5.737
0.388,-0.923,0.286,13.428,-0.061,-4.211
0.369,-0.933,0.279,12.512,-0.854,-4.272
0.367,-0.952,0.28,10.315,-2.075,-3.723
0.373,-0.973,0.296,7.202,-3.052,-2.441
0.374,-0.973,0.317,4.028,-3.54,-0.916
0.369,-0.959,0.338,2.258,-3.967,-0.061
0.359,-0.955,0.351,1.465,-4.395,0.61
0.357,-0.955,0.352,0.366,-3.906,1.709
0.361,-0.946,0.344,-1.282,-3.418,2.747
0.368,-0.927,0.317,-2.258,-3.052,3.723
0.369,-0.922,0.297,-2.197,-2.991,4.7
0.367,-0.92,0.291,-2.136,-2.869,5.371
0.369,-0.919,0.284,-2.563,-2.93,5.92
0.361,-0.913,0.297,-3.662,-2.808,6.287
0.356,-0.908,0.313,-5.31,-2.747,6.348
0.353,-0.904,0.33,-6.531,-2.686,5.798
0.352,-0.903,0.345,-7.263,-2.93,5.066
0.35,-0.9,0.353,-7.446,-2.869,4.272
0.348,-0.892,0.353,-6.409,-2.38,3.357
0.348,-0.912,0.352,-3.845,-1.404,2.441
0.343,-0.904,0.328,-2.136,-0.549,2.014
0.343,-0.887,0.296,-1.648,-0.244,1.77
0.339,-0.874,0.28,-1.282,-0.549,1.709
0.342,-0.883,0.279,-1.465,-0.549,1.77
0.348,-0.896,0.282,-2.258,-0.305,1.221
0.349,-0.905,0.289,-3.113,-0.549,1.038
0.353,-0.903,0.293,-3.296,-0.793,0.977
0.352,-0.899,0.303,-2.869,-1.343,1.099
0.349,-0.896,0.319,-2.991,-1.465,1.282
0.347,-0.893,0.332,-3.235,-1.404,1.038
0.346,-0.9,0.339,-3.357,-1.343,0.854
0.349,-0.899,0.345,-3.845,-1.221,0.427
0.35,-0.896,0.346,-4.15,-0.854,0.183
0.354,-0.89,0.336,-3.784,-0.183,0.244
0.354,-0.875,0.326,-2.625,0.427,0.366
0.356,-0.88,0.311,-1.282,0.61,0.183
0.361,-0.884,0.296,-1.038,0.732,-0.244
0.363,-0.896,0.287,-1.709,0.183,-0.61
0.359,-0.903,0.288,-2.014,-0.366,-0.427
-0.191,-1.179,0.831,88.44,-40.894,-34.119
-0.171,-1.163,0.707,110.718,-28.809,-28.137
-0.136,-1.163,0.602,119.08,-21.057,-19.226
-0.135,-1.308,0.539,114.441,-17.578,-12.329
-0.111,-1.425,0.561,98.083,-16.052,-3.601
-0.072,-1.47,0.626,77.759,-14.587,6.714
-0.049,-1.431,0.69,60.425,-13.489,18.25
-0.05,-1.359,0.729,50.476,-12.085,29.663
-0.067,-1.294,0.722,50.171,-8.606,41.321
-0.065,-1.23,0.686,54.871,-2.625,53.65
-0.045,-1.195,0.637,60.181,3.174,64.453
-0.007,-1.172,0.586,64.27,7.507,73.669
0.012,-1.136,0.544,66.65,10.01,81.177
0.027,-1.111,0.523,65.796,10.925,85.815
0.058,-1.081,0.505,64.88,11.047,90.027
0.089,-1.042,0.494,63.477,9.888,93.14
0.111,-1.014,0.47,61.584,7.385,94.849
0.115,-0.985,0.46,60.181,3.784,95.947
0.117,-0.953,0.435,58.96,0.244,96.741
0.132,-0.947,0.413,60.12,-2.869,97.29
0.118,-0.93,0.399,64.148,-5.981,97.717
0.12,-0.929,0.386,68.237,-8.728,97.595
0.139,-0.913,0.372,69.641,-11.658,97.412
0.136,-0.899,0.385,66.833,-15.564,95.764
0.143,-0.872,0.396,62.317,-19.531,93.445
0.147,-0.838,0.397,60.12,-22.278,91.003
0.15,-0.818,0.393,61.523,-23.926,88.562
0.159,-0.825,0.377,61.951,-25.269,86.487
0.169,-0.845,0.351,60.547,-27.161,85.144
0.171,-0.831,0.35,57.434,-29.236,84.473
0.164,-0.792,0.347,55.054,-30.701,83.252
0.164,-0.763,0.349,55.969,-31.006,82.031
0.173,-0.76,0.332,55.481,-31.372,79.834
0.181,-0.759,0.307,53.711,-32.593,77.881
0.182,-0.756,0.322,50.659,-34.302,76.172
0.18,-0.746,0.328,49.133,-35.522,73.914
0.195,-0.737,0.34,49.744,-35.889,71.594
0.193,-0.735,0.332,50.72,-36.438,68.97
0.213,-0.748,0.326,51.331,-36.804,66.345
0.214,-0.751,0.337,49.377,-38.086,63.843
0.221,-0.74,0.328,45.532,-39.429,61.768
0.218,-0.726,0.335,41.809,-40.283,59.204
0.224,-0.727,0.349,39.001,-40.955,56.702
0.235,-0.735,0.337,36.865,-41.321,54.077
0.246,-0.759,0.34,33.63,-41.382,51.331
0.246,-0.759,0.342,29.48,-41.687,48.828
0.255,-0.762,0.348,26.001,-42.053,46.57
0.251,-0.753,0.375,22.278,-42.114,43.03
0.244,-0.747,0.386,18.005,-42.053,39.246
0.251,-0.744,0.398,13.245,-41.382,35.583
0.253,-0.722,0.378,9.094,-40.649,31.799
0.265,-0.734,0.364,6.47,-39.612,29.175
0.273,-0.729,0.373,4.578,-38.33,27.1
0.286,-0.741,0.388,4.456,-36.377,24.536
0.289,-0.765,0.414,6.348,-33.325,21.423
0.279,-0.788,0.44,8.179,-29.968,18.25
0.279,-0.788,0.452,9.766,-26.306,15.991
0.275,-0.779,0.473,13.062,-22.034,14.282
0.274,-0.791,0.478,16.663,-17.334,12.451
0.276,-0.803,0.478,19.104,-12.695,10.986
0.282,-0.828,0.465,19.287,-9.277,9.155
0.278,-0.851,0.423,17.578,-6.592,8.301
0.36,-0.862,0.38,14.465,-4.028,8.24
0.342,-0.855,0.344,10.437,-3.906,5.493
0.359,-0.865,0.317,9.216,-3.601,3.235
0.354,-0.896,0.3,10.925,-2.869,1.465
0.371,-0.911,0.302,12.634,-1.343,1.404
0.381,-0.929,0.307,13.245,-0.427,0.977
0.349,-0.919,0.303,11.78,-0.671,-0.549
0.354,-0.912,0.304,10.803,-0.061,-0.305
0.348,-0.914,0.302,10.01,0,-0.183
0.346,-0.924,0.294,9.46,0.183,-0.061
0.363,-0.936,0.284,9.094,0.549,0.488
0.369,-0.952,0.278,7.324,0.122,0.488
0.372,-0.962,0.275,4.517,-0.732,0.671
0.375,-0.96,0.281,1.648,-1.892,0.793
0.368,-0.944,0.29,-1.099,-2.808,0.793
0.368,-0.941,0.297,-2.014,-3.113,1.038
0.362,-0.929,0.294,-1.831,-3.296,0.916
0.36,-0.924,0.29,-1.587,-3.113,1.221
0.365,-0.937,0.271,-1.16,-2.747,1.831
0.368,-0.939,0.263,-1.16,-2.502,2.625
0.366,-0.934,0.272,-2.197,-2.808,3.357
0.359,-0.931,0.291,-2.38,-2.808,4.15
0.348,-0.927,0.31,-1.16,-2.808,4.517
0.341,-0.937,0.31,-0.916,-2.38,4.883
0.344,-0.943,0.302,-2.93,-1.648,5.737
0.351,-0.931,0.303,-7.019,-1.404,6.958
0.359,-0.917,0.314,-10.559,-1.465,7.69
0.361,-0.906,0.318,-12.39,-1.709,7.568
0.365,-0.893,0.303,-12.146,-1.587,7.263
0.37,-0.884,0.297,-11.536,-1.282,7.263
0.377,-0.868,0.305,-11.536,-0.916,7.446
0.379,-0.848,0.302,-9.277,-0.488,6.958
0.378,-0.864,0.295,-5.432,-0.061,5.92
0.381,-0.882,0.283,-3.784,0,5.005
0.382,-0.877,0.291,-5.371,-0.366,4.517
0.377,-0.858,0.301,-7.202,-0.854,3.784
0.374,-0.85,0.307,-7.69,-1.099,2.808
0.372,-0.847,0.309,-7.202,-1.16,2.38
0.375,-0.852,0.312,-5.31,-1.587,1.892
0.374,-0.842,0.321,-2.563,-1.526,1.343
0.38,-0.861,0.317,0.061,-1.038,0.183
0.387,-0.885,0.305,1.648,-0.793,-0.977
0.384,-0.891,0.295,2.441,-1.038,-1.77
0.385,-0.895,0.292,2.808,-1.953,-2.014
0.385,-0.892,0.274,3.479,-2.93,-1.77
0.382,-0.89,0.266,3.723,-3.174,-0.977
0.385,-0.894,0.282,2.686,-3.113,-0.488
0.388,-0.914,0.303,0.427,-2.869,-0.061
0.381,-0.923,0.337,-0.732,-2.869,0.366
0.378,-0.913,0.341,-1.77,-2.991,0.793
0.378,-0.906,0.341,-2.319,-2.869,1.16
0.377,-0.904,0.333,-2.686,-2.563,1.465
0.377,-0.905,0.329,-2.991,-1.953,1.831
0.374,-0.901,0.33,-3.174,-1.709,2.014
0.372,-0.887,0.327,-3.052,-1.404,1.526
0.373,-0.884,0.309,-1.465,-0.977,1.099
0.371,-0.89,0.294,0.305,-1.038,0.671
0.141,-1.387,0.572,38.635,-41.931,2.625
0.144,-1.352,0.655,25.635,-41.443,8.728
0.131,-1.296,0.724,18.555,-39.368,15.259
0.131,-1.229,0.75,17.944,-34.424,22.705
0.142,-1.193,0.748,20.813,-28.259,29.846
0.164,-1.166,0.721,23.865,-21.973,36.804
0.191,-1.141,0.677,25.635,-16.907,43.335
0.197,-1.105,0.632,25.94,-13.977,48.279
0.191,-1.049,0.596,26.245,-11.475,52.246
0.193,-1.001,0.566,29.419,-9.216,55.847
0.206,-0.998,0.544,33.752,-7.812,58.594
0.219,-1.004,0.526,35.645,-7.385,60.852
0.24,-0.997,0.512,34.729,-7.629,62.134
0.235,-0.951,0.502,33.691,-8.24,62.073
0.226,-0.913,0.493,33.508,-9.155,61.218
0.223,-0.901,0.471,33.142,-10.437,59.998
0.223,-0.903,0.44,30.884,-12.634,58.167
0.217,-0.881,0.423,29.846,-14.404,57.556
0.211,-0.84,0.408,33.569,-14.954,57.373
0.204,-0.815,0.395,40.527,-15.503,56.58
0.205,-0.832,0.385,46.875,-15.747,55.481
0.217,-0.838,0.372,49.316,-16.846,54.382
0.222,-0.84,0.371,47.852,-18.494,52.795
0.225,-0.845,0.386,45.532,-20.447,50.598
0.221,-0.85,0.409,42.419,-21.973,48.645
0.215,-0.848,0.429,39.001,-23.315,47.18
0.202,-0.825,0.424,37.415,-23.376,46.082
0.2,-0.818,0.411,39.001,-22.095,46.204
0.193,-0.797,0.375,45.105,-19.47,46.57
0.201,-0.797,0.329,53.162,-16.846,47.18
0.219,-0.818,0.31,58.472,-15.076,47.241
0.231,-0.824,0.324,58.838,-14.648,46.692
0.236,-0.818,0.338,58.105,-14.648,45.715
0.252,-0.805,0.349,58.899,-13.977,44.434
0.255,-0.812,0.343,60.974,-13.794,43.213
0.27,-0.81,0.326,63.049,-12.939,42.603
0.281,-0.826,0.325,64.697,-11.963,42.297
0.282,-0.844,0.333,64.392,-11.658,43.03
0.285,-0.853,0.325,61.157,-11.841,43.213
0.287,-0.859,0.322,56.396,-12.695,43.701
0.279,-0.844,0.322,50.171,-13.916,44.006
0.277,-0.814,0.314,45.593,-15.015,44.128
0.284,-0.818,0.301,42.236,-15.564,43.701
0.298,-0.82,0.266,37.903,-16.785,43.396
0.314,-0.798,0.23,32.349,-18.433,42.847
0.321,-0.807,0.233,28.015,-20.325,41.199
0.317,-0.801,0.26,24.597,-22.034,39.917
0.305,-0.797,0.287,21.729,-22.4,38.452
0.307,-0.798,0.298,22.522,-22.278,37.903
0.318,-0.812,0.303,24.78,-21.79,37.354
0.311,-0.81,0.301,25.024,-21.362,36.621
0.328,-0.807,0.28,24.658,-21.79,36.255
0.335,-0.795,0.271,22.949,-22.644,35.095
0.333,-0.784,0.268,21.79,-22.949,33.691
0.35,-0.79,0.255,20.752,-23.01,32.593
0.36,-0.787,0.261,18.86,-23.743,30.579
0.352,-0.77,0.278,17.883,-24.109,28.809
0.363,-0.775,0.281,19.409,-23.621,27.649
0.37,-0.79,0.29,20.935,-22.766,26.306
0.379,-0.813,0.293,20.264,-22.4,24.475
0.389,-0.83,0.306,16.785,-22.522,23.071
0.39,-0.83,0.31,12.939,-22.522,21.118
0.391,-0.833,0.328,9.888,-22.583,18.555
0.384,-0.831,0.343,7.141,-22.339,16.235
0.385,-0.813,0.342,5.066,-21.179,13.794
0.374,-0.8,0.336,5.188,-19.897,11.902
0.396,-0.803,0.338,8.789,-18.433,10.925
0.387,-0.815,0.349,11.536,-17.395,8.85
0.386,-0.838,0.352,10.742,-16.479,7.568
0.395,-0.85,0.317,7.446,-15.808,7.324
0.416,-0.855,0.271,2.136,-15.686,7.69
0.43,-0.825,0.278,-3.784,-16.235,7.935
0.422,-0.809,0.328,-6.287,-16.235,6.592
0.413,-0.807,0.359,-4.028,-14.648,4.15
0.412,-0.819,0.358,0.793,-12.268,2.014
0.418,-0.849,0.353,6.226,-9.766,0.854
0.42,-0.872,0.346,9.216,-7.935,0
0.422,-0.893,0.338,8.545,-6.714,-0.366
0.427,-0.88,0.315,6.47,-6.409,-0.61
0.429,-0.872,0.302,3.967,-6.409,-1.282
0.43,-0.865,0.28,2.502,-6.226,-1.709
0.429,-0.857,0.271,2.319,-5.859,-2.136
0.427,-0.86,0.272,2.625,-5.737,-2.563
0.425,-0.882,0.288,2.808,-5.066,-2.441
0.421,-0.897,0.292,3.296,-4.395,-2.747
0.417,-0.904,0.302,2.563,-3.967,-2.869
0.414,-0.896,0.313,1.77,-3.906,-2.747
0.412,-0.899,0.314,2.747,-3.479,-2.625
0.404,-0.897,0.317,3.967,-2.563,-2.502
0.401,-0.896,0.312,5.188,-1.648,-2.014
0.397,-0.903,0.3,5.371,-0.61,-1.465
0.393,-0.905,0.296,4.028,0.183,-0.61
0.394,-0.917,0.268,3.113,0.549,0.183
0.402,-0.916,0.246,2.197,0.732,1.343
0.407,-0.926,0.252,-0.061,0.427,2.563
0.406,-0.908,0.257,-2.563,0.061,3.174
0.405,-0.895,0.25,-3.357,-0.244,3.113
0.404,-0.888,0.249,-3.296,-0.366,3.235
0.408,-0.878,0.263,-3.479,-0.366,3.54
0.408,-0.872,0.283,-2.441,-0.305,3.723
0.404,-0.868,0.291,-0.305,0,3.784
0.405,-0.88,0.284,1.953,0.427,3.601
0.414,-0.894,0.265,2.258,0.671,3.479
0.416,-0.882,0.254,1.16,0.183,3.235
0.413,-0.866,0.266,0.366,-0.305,3.052
0.411,-0.87,0.277,1.77,-0.427,2.563
0.409,-0.879,0.286,3.784,0,2.441
0.415,-0.889,0.283,4.578,0.488,2.258
0.415,-0.897,0.271,3.662,0.793,1.953
0.42,-0.911,0.253,1.404,1.16,2.197
0.421,-0.912,0.254,-1.099,1.221,2.991
0.417,-0.892,0.276,-2.991,0.916,3.906
0.413,-0.881,0.288,-2.502,0.854,4.15
0.412,-0.884,0.286,-0.122,0.977,4.028
0.417,-0.889,0.278,1.892,1.282,3.784
0.421,-0.904,0.272,2.38,1.404,3.479
0.42,-0.897,0.265,1.77,1.16,3.418
0.423,-0.895,0.244,1.282,0.793,3.418
0.423,-0.883,0.233,1.526,0.244,3.54
0.1,-1.414,0.692,69.092,-25.696,9.949
0.089,-1.39,0.721,59.937,-22.156,18.799
0.071,-1.364,0.72,55.664,-16.846,27.161
0.077,-1.349,0.7,52.917,-9.888,36.56
0.093,-1.33,0.669,50.232,-3.662,46.692
0.112,-1.289,0.637,46.387,1.465,56.335
0.123,-1.248,0.606,44.25,5.554,65.002
0.114,-1.174,0.565,43.823,8.789,72.815
0.119,-1.106,0.534,45.593,10.803,79.224
0.141,-1.071,0.51,47.852,11.658,83.984
0.169,-1.038,0.467,49.377,11.108,87.83
0.188,-0.976,0.43,52.429,9.827,91.37
0.193,-0.94,0.411,58.594,9.155,93.506
0.21,-0.952,0.399,65.247,8.423,95.093
0.231,-0.96,0.392,71.167,6.714,96.13
0.245,-0.947,0.383,75.134,4.089,96.558
0.259,-0.945,0.378,77.026,1.038,96.008
0.264,-0.911,0.356,79.224,-1.526,94.177
0.265,-0.893,0.354,81.97,-4.639,91.736
0.264,-0.906,0.356,80.811,-8.667,88.257
0.28,-0.911,0.346,75.195,-13.855,85.449
0.28,-0.918,0.342,67.139,-19.409,83.252
0.271,-0.857,0.315,61.951,-23.437,82.153
0.268,-0.826,0.32,61.096,-26.245,80.688
0.273,-0.816,0.313,64.148,-28.015,78.308
0.28,-0.843,0.313,67.078,-29.419,75.989
0.297,-0.891,0.328,65.613,-31.189,73.73
0.305,-0.883,0.34,59.998,-33.508,70.923
0.298,-0.848,0.338,52.673,-35.217,67.322
0.302,-0.819,0.321,48.706,-36.438,64.636
0.295,-0.8,0.316,47.852,-36.56,61.829
0.307,-0.818,0.312,47.302,-36.804,59.631
0.305,-0.792,0.292,46.204,-37.231,58.044
0.308,-0.78,0.306,43.335,-37.964,55.847
0.318,-0.768,0.305,39.917,-38.635,53.894
0.328,-0.769,0.315,35.95,-39.124,51.819
0.324,-0.763,0.333,31.433,-39.551,50.11
0.326,-0.759,0.334,28.076,-39.429,48.462
0.327,-0.755,0.327,24.719,-39.49,45.837
0.323,-0.74,0.318,22.4,-39.551,43.335
0.323,-0.726,0.309,21.484,-39.246,40.771
0.322,-0.73,0.317,20.203,-38.879,38.147
0.32,-0.736,0.293,18.188,-38.757,35.522
0.341,-0.731,0.268,13.916,-38.086,32.776
0.342,-0.721,0.267,12.512,-37.476,30.334
0.349,-0.726,0.291,13,-36.804,27.649
0.349,-0.736,0.32,11.841,-35.583,25.085
0.339,-0.721,0.343,12.024,-34.424,22.705
0.354,-0.734,0.367,12.329,-32.471,20.508
0.346,-0.743,0.393,12.756,-30.579,18.25
0.339,-0.767,0.417,14.038,-28.809,16.357
0.351,-0.79,0.437,14.099,-26.978,15.076
0.342,-0.779,0.415,13.489,-25.146,13.672
0.352,-0.78,0.352,13.367,-23.193,12.39
0.373,-0.76,0.274,13.55,-21.24,11.658
0.396,-0.789,0.233,12.024,-20.081,10.742
0.396,-0.801,0.255,6.775,-20.081,9.338
0.389,-0.803,0.31,0.244,-20.142,7.874
0.386,-0.8,0.341,-4.395,-19.165,6.165
0.391,-0.791,0.369,-5.005,-17.395,4.517
0.4,-0.802,0.375,-2.319,-15.442,2.747
0.403,-0.798,0.385,-0.183,-13.611,1.404
0.408,-0.809,0.395,1.831,-11.658,-0.122
0.412,-0.821,0.381,6.042,-9.338,-0.916
0.411,-0.847,0.364,10.193,-7.08,-1.343
0.411,-0.874,0.354,10.681,-5.432,-1.16
0.391,-0.879,0.348,8.545,-4.333,-0.122
0.43,-0.904,0.353,4.944,-2.991,2.136
0.403,-0.882,0.361,0.427,-2.38,2.869
0.401,-0.88,0.368,-2.563,-1.343,3.235
0.405,-0.893,0.372,-4.211,0.122,4.211
0.409,-0.891,0.365,-6.653,1.343,5.066
0.414,-0.877,0.35,-9.888,2.136,5.798
0.419,-0.85,0.349,-13.062,2.563,6.409
0.427,-0.834,0.325,-13.977,2.991,6.287
0.442,-0.806,0.283,-12.085,3.784,5.615
0.439,-0.787,0.26,-9.521,3.845,4.517
0.44,-0.786,0.255,-7.324,3.784,3.54
0.443,-0.795,0.255,-4.761,3.906,2.319
0.439,-0.815,0.25,-2.747,3.479,0.793
0.436,-0.84,0.253,-2.075,3.052,-0.122
0.435,-0.842,0.257,-2.441,2.075,-0.122
0.436,-0.85,0.266,-2.38,0.977,-0.671
0.437,-0.849,0.281,-2.441,-0.061,-1.404
0.437,-0.835,0.286,-1.77,-1.16,-2.136
0.441,-0.827,0.283,1.465,-1.831,-2.808
0.447,-0.846,0.282,6.042,-1.953,-3.357
0.455,-0.862,0.262,9.033,-2.075,-3.479
0.459,-0.88,0.269,8.85,-2.014,-3.235
0.456,-0.884,0.293,7.812,-2.319,-2.869
0.45,-0.9,0.325,6.592,-2.625,-2.502
0.444,-0.909,0.352,4.944,-2.319,-1.709
0.449,-0.927,0.363,2.869,-1.77,-0.427
0.449,-0.915,0.358,0.916,-0.977,1.099
0.448,-0.913,0.335,-0.183,0.122,2.686
0.45,-0.92,0.315,-1.648,0.549,4.211
0.453,-0.916,0.291,-3.723,0.732,5.798
0.454,-0.894,0.277,-4.944,0.122,6.897
0.454,-0.881,0.276,-4.456,-0.61,7.08
0.455,-0.89,0.282,-3.723,-1.16,7.202
0.453,-0.877,0.293,-4.15,-1.77,7.263
0.45,-0.868,0.306,-4.15,-1.831,7.324
0.446,-0.861,0.306,-3.54,-1.831,7.141
0.448,-0.862,0.306,-4.211,-1.709,6.897
0.453,-0.861,0.316,-5.737,-1.709,6.775
0.453,-0.852,0.322,-6.592,-2.258,6.592
0.432,-0.845,0.318,-5.92,-2.441,6.165
0.449,-0.841,0.305,-4.639,-1.709,5.432
0.457,-0.856,0.293,-3.662,-1.221,4.517
0.465,-0.865,0.291,-3.113,-1.099,3.479
0.448,-0.868,0.297,-2.808,-1.648,2.625
0.454,-0.861,0.29,-0.305,-2.136,1.587
0.452,-0.875,0.295,2.38,-2.319,0.671
0.448,-0.879,0.31,0.854,-2.197,0.488
0.447,-0.883,0.314,-0.916,-1.953,0.305
0.452,-0.881,0.312,-1.282,-1.648,0.366
0.449,-0.875,0.32,-1.587,-1.587,0.427
0.448,-0.872,0.323,-2.502,-1.648,0.732
0.448,-0.873,0.318,-3.723,-1.587,0.671
0.132,-1.361,0.589,67.566,-33.691,-3.906
0.138,-1.341,0.625,47.241,-35.461,3.723
0.118,-1.254,0.7,28.87,-37.292,8.972
0.089,-1.141,0.759,22.644,-35.278,15.015
0.066,-1.07,0.792,26.001,-29.663,21.362
0.05,-1.031,0.779,36.621,-21.729,26.855
0.062,-1.015,0.737,50.537,-12.268,33.142
0.086,-1.061,0.683,60.791,-5.798,38.757
0.109,-1.109,0.618,63.354,-2.563,44.312
0.13,-1.119,0.571,57.678,-2.075,48.828
0.136,-1.071,0.557,48.401,-3.174,51.941
0.124,-0.998,0.557,41.931,-4.456,54.138
0.106,-0.946,0.56,40.771,-5.188,55.42
0.113,-0.924,0.56,43.579,-4.761,56.702
0.119,-0.94,0.562,43.64,-4.822,57.739
0.127,-0.945,0.532,38.086,-5.432,58.777
0.135,-0.923,0.501,30.945,-6.47,59.509
0.132,-0.871,0.479,27.466,-7.202,59.692
0.114,-0.832,0.461,30.396,-6.836,59.448
0.114,-0.809,0.408,39.612,-5.188,59.875
0.131,-0.822,0.371,50.11,-4.211,60.425
0.149,-0.864,0.344,56.213,-4.456,60.974
0.172,-0.906,0.327,59.265,-5.188,62.378
0.2,-0.938,0.348,58.96,-6.348,62.805
0.198,-0.935,0.388,55.969,-7.751,62.195
0.2,-0.92,0.42,51.88,-9.094,61.707
0.205,-0.898,0.437,49.011,-10.132,61.462
0.202,-0.866,0.438,48.889,-10.254,61.462
0.202,-0.827,0.411,53.65,-8.728,62.134
0.21,-0.803,0.385,63.354,-6.409,63.965
0.219,-0.84,0.358,72.998,-5.249,64.575
0.25,-0.886,0.331,76.477,-5.249,64.941
0.276,-0.93,0.299,73.914,-6.47,66.223
0.281,-0.931,0.283,67.627,-9.277,67.078
0.284,-0.907,0.275,60.852,-12.329,66.956
0.277,-0.869,0.277,56.946,-14.343,66.528
0.281,-0.837,0.271,57.312,-15.198,66.04
0.31,-0.824,0.264,61.096,-15.808,65.918
0.323,-0.86,0.287,63.232,-16.724,65.613
0.322,-0.877,0.31,62.378,-17.944,64.819
0.32,-0.869,0.331,58.472,-19.531,63.843
0.336,-0.88,0.337,52.551,-21.545,62.378
0.341,-0.886,0.319,45.593,-23.743,61.401
0.33,-0.858,0.293,37.109,-26.489,60.303
0.314,-0.818,0.276,29.48,-29.236,59.082
0.315,-0.786,0.266,24.414,-30.823,57.312
0.332,-0.764,0.237,23.193,-31.555,54.81
0.347,-0.781,0.242,22.888,-32.959,52.551
0.34,-0.784,0.272,20.752,-34.668,50.11
0.343,-0.772,0.3,19.531,-35.156,47.791
0.337,-0.782,0.342,20.203,-35.034,45.471
0.351,-0.796,0.371,20.508,-34.119,43.823
0.355,-0.797,0.376,19.287,-33.63,41.87
0.353,-0.783,0.396,16.052,-33.63,39.612
0.35,-0.772,0.401,12.573,-33.691,36.804
0.346,-0.754,0.364,10.986,-32.532,34.241
0.353,-0.757,0.341,11.841,-31.189,32.532
0.364,-0.77,0.322,11.902,-30.334,31.128
0.368,-0.767,0.312,10.864,-29.297,29.358
0.375,-0.774,0.307,9.644,-27.893,27.222
0.38,-0.789,0.31,7.751,-26.978,24.902
0.4,-0.799,0.328,6.348,-26.123,22.705
0.395,-0.797,0.346,3.967,-25.452,19.592
0.38,-0.792,0.364,2.014,-24.658,17.029
0.382,-0.794,0.369,2.625,-23.254,14.709
0.376,-0.797,0.366,3.723,-21.484,12.207
0.37,-0.807,0.364,3.113,-20.081,10.742
0.383,-0.824,0.331,-0.488,-19.226,9.583
0.405,-0.811,0.29,-5.859,-19.226,8.789
0.419,-0.777,0.284,-10.803,-19.287,7.874
0.426,-0.751,0.288,-11.719,-19.47,6.104
0.421,-0.747,0.33,-7.874,-19.043,3.54
0.415,-0.759,0.362,-1.099,-17.09,1.038
0.404,-0.795,0.378,4.761,-14.404,-1.038
0.405,-0.82,0.376,8.423,-12.268,-1.648
0.411,-0.848,0.377,8.972,-10.62,-1.953
0.416,-0.872,0.382,5.798,-9.888,-2.258
0.416,-0.87,0.378,1.282,-9.949,-2.563
0.419,-0.837,0.366,-2.136,-9.888,-2.808
0.423,-0.819,0.344,-2.563,-9.155,-3.418
0.417,-0.816,0.33,-0.732,-7.935,-3.845
0.417,-0.829,0.316,2.502,-6.531,-3.54
0.407,-0.858,0.328,6.226,-4.883,-3.235
0.403,-0.886,0.336,7.812,-3.296,-2.808
0.406,-0.909,0.345,6.836,-2.075,-2.441
0.403,-0.919,0.353,4.944,-2.075,-1.587
0.401,-0.912,0.366,2.319,-2.075,-0.549
0.406,-0.908,0.372,-0.122,-1.587,0.671
0.412,-0.894,0.351,-2.258,-1.16,1.587
0.416,-0.868,0.323,-3.845,-0.732,2.502
0.419,-0.846,0.296,-3.479,-0.427,3.113
0.424,-0.844,0.278,-1.282,-0.061,3.174
0.424,-0.849,0.276,0.854,0.244,3.174
0.424,-0.858,0.281,1.282,0.183,2.747
0.43,-0.875,0.278,0.793,0.061,2.38
0.428,-0.884,0.281,0.061,-0.122,1.587
0.423,-0.878,0.297,-1.648,-0.977,1.16
0.42,-0.862,0.315,-2.258,-2.075,1.16
0.413,-0.847,0.33,-1.953,-2.625,0.549
0.414,-0.846,0.33,-1.343,-2.197,-0.122
0.421,-0.849,0.311,-1.221,-1.526,-0.549
0.431,-0.856,0.299,-0.427,-1.343,-0.977
0.426,-0.857,0.303,1.221,-1.099,-1.16
0.421,-0.865,0.307,2.808,-0.854,-0.854
0.424,-0.874,0.307,3.845,-0.854,-0.671
0.423,-0.887,0.307,3.906,-0.244,-0.488
0.424,-0.901,0.313,2.747,0.183,0.061
0.424,-0.9,0.325,0.793,0.183,0.916
0.419,-0.896,0.331,-1.282,0.366,1.77
0.423,-0.892,0.336,-2.686,0.122,2.991
0.429,-0.886,0.337,-2.869,0.061,3.906
0.432,-0.874,0.33,-1.465,0.061,4.333
0.432,-0.873,0.315,-0.305,0.488,4.272
0.442,-0.877,0.289,-0.488,0.732,4.028
0.448,-0.878,0.279,-0.977,0.549,4.395
0.441,-0.864,0.287,-1.16,0.061,5.31
0.434,-0.857,0.298,-1.038,-0.427,5.432
0.43,-0.855,0.303,-0.916,-0.488,4.822
0.432,-0.857,0.299,-1.77,-0.732,4.578
0.031,-1.572,0.685,87.952,-31.006,-13
0.055,-1.548,0.726,62.683,-30.212,-2.014
0.055,-1.487,0.771,41.077,-28.503,8.789
0.034,-1.407,0.789,29.175,-24.231,20.325
0.029,-1.32,0.773,26.733,-16.846,32.288
0.035,-1.281,0.729,29.175,-8.301,43.03
0.059,-1.239,0.662,33.691,-0.488,53.711
0.092,-1.215,0.609,36.072,5.31,63.049
0.111,-1.183,0.577,36.987,8.667,69.458
0.114,-1.127,0.563,37.17,10.315,74.28
0.125,-1.065,0.542,38.574,11.292,78.125
0.14,-1.018,0.514,41.809,11.719,80.933
0.153,-0.996,0.489,42.725,10.376,82.214
0.16,-0.975,0.465,42.48,7.874,83.374
0.172,-0.922,0.437,45.837,6.104,84.473
0.174,-0.885,0.397,53.223,4.7,84.412
0.176,-0.865,0.363,63.477,3.235,83.862
0.182,-0.838,0.334,73.425,2.014,83.13
0.199,-0.858,0.313,79.041,-0.061,81.299
0.222,-0.9,0.312,78.064,-4.089,79.346
0.239,-0.915,0.32,70.618,-9.644,77.576
0.231,-0.907,0.337,60.547,-16.052,75.439
0.215,-0.861,0.33,55.908,-20.691,73.914
0.21,-0.818,0.306,60.364,-22.4,73.12
0.202,-0.816,0.313,69.58,-22.644,71.533
0.193,-0.842,0.323,77.454,-22.461,70.007
0.222,-0.866,0.325,80.139,-23.01,69.031
0.241,-0.864,0.315,76.904,-25.146,67.139
0.244,-0.834,0.31,72.571,-26.855,64.697
0.249,-0.804,0.296,71.533,-27.893,63.049
0.253,-0.807,0.273,73.059,-28.687,61.523
0.254,-0.826,0.28,72.815,-29.968,60.059
0.25,-0.82,0.287,70.374,-31.433,59.082
0.257,-0.81,0.306,66.65,-32.471,58.472
0.255,-0.8,0.333,60.608,-34.058,56.519
0.249,-0.779,0.329,55.115,-35.4,55.725
0.263,-0.773,0.321,50.171,-36.743,55.054
0.259,-0.775,0.3,45.898,-37.72,53.711
0.285,-0.785,0.279,40.527,-38.574,52.246
0.278,-0.79,0.276,33.63,-39.978,49.866
0.285,-0.777,0.288,27.283,-41.26,47.729
0.291,-0.768,0.311,21.79,-42.542,45.166
0.277,-0.754,0.331,19.592,-42.725,42.847
0.272,-0.744,0.344,20.325,-41.809,41.138
0.284,-0.763,0.338,21.362,-40.283,39.124
0.292,-0.783,0.331,20.996,-38.635,37.231
0.3,-0.784,0.307,19.104,-37.415,35.4
0.295,-0.763,0.288,17.09,-36.377,33.813
0.306,-0.763,0.309,15.442,-35.339,32.166
0.302,-0.774,0.338,14.16,-34.363,29.907
0.294,-0.773,0.365,12.695,-32.715,28.198
0.302,-0.778,0.363,11.353,-30.884,27.588
0.307,-0.79,0.356,8.606,-29.297,26.978
0.32,-0.791,0.363,4.456,-28.198,26.184
0.328,-0.777,0.381,0.183,-27.1,24.902
0.329,-0.759,0.378,-1.953,-25.513,22.339
0.334,-0.758,0.353,-2.014,-23.315,19.287
0.338,-0.758,0.343,-1.038,-20.752,16.846
0.345,-0.753,0.334,0.671,-18.555,14.648
0.359,-0.758,0.324,3.418,-16.113,12.512
0.361,-0.784,0.325,5.615,-14.099,9.949
0.366,-0.824,0.336,7.69,-12.268,7.751
0.37,-0.842,0.347,9.277,-10.62,5.92
0.368,-0.858,0.338,9.46,-9.094,4.7
0.372,-0.85,0.339,8.728,-7.996,4.272
0.379,-0.845,0.33,10.437,-7.141,3.723
0.385,-0.849,0.323,12.085,-6.042,2.93
0.4,-0.872,0.307,12.146,-4.761,2.197
0.412,-0.88,0.292,10.498,-3.967,1.709
0.413,-0.881,0.266,8.24,-3.784,1.099
0.413,-0.887,0.254,6.714,-3.784,0.671
0.41,-0.89,0.258,4.639,-4.028,0.366
0.413,-0.898,0.267,2.991,-3.967,0
0.414,-0.899,0.281,2.197,-4.089,0.061
0.415,-0.903,0.295,2.075,-3.967,0.061
0.415,-0.904,0.305,2.319,-3.601,0.061
0.413,-0.905,0.307,2.197,-3.235,-0.061
0.414,-0.906,0.305,2.014,-3.113,-0.061
0.411,-0.894,0.31,1.77,-2.93,-0.061
0.408,-0.894,0.311,1.343,-2.747,-0.61
0.413,-0.905,0.295,1.16,-2.502,-1.221
0.41,-0.905,0.285,0.671,-2.075,-1.404
0.404,-0.904,0.289,0.305,-1.648,-1.404
0.397,-0.917,0.29,0.122,-1.587,-1.404
0.398,-0.929,0.291,0.366,-0.916,-1.038
0.396,-0.928,0.286,-0.061,0,-0.366
0.396,-0.927,0.281,-0.61,0.427,0.183
0.396,-0.92,0.28,-1.099,0.854,0.977
0.401,-0.912,0.267,-1.465,1.038,1.648
0.403,-0.914,0.262,-2.441,0.977,2.197
0.398,-0.907,0.272,-3.052,0.732,2.93
0.397,-0.9,0.273,-3.296,0.549,3.845
0.407,-0.903,0.265,-3.174,0.549,4.578
0.413,-0.904,0.257,-2.869,0.977,5.066
0.413,-0.901,0.264,-3.601,0.488,5.798
0.412,-0.894,0.279,-4.822,0.061,6.348
0.414,-0.895,0.285,-4.944,-0.244,6.714
0.415,-0.88,0.274,-3.113,-0.061,7.08
0.416,-0.875,0.258,-1.221,0,7.141
0.416,-0.882,0.257,-1.587,0.061,6.775
0.414,-0.882,0.264,-2.93,-0.305,6.287
0.411,-0.876,0.276,-3.967,-0.793,5.615
0.405,-0.87,0.281,-3.052,-1.282,5.066
0.406,-0.861,0.282,-0.977,-1.404,4.639
0.412,-0.862,0.285,1.16,-1.587,4.15
0.412,-0.863,0.289,1.77,-1.404,3.174
0.411,-0.86,0.283,1.709,-1.282,2.136
0.412,-0.867,0.273,2.136,-0.854,1.282
0.412,-0.868,0.258,2.869,-0.61,0.977
0.407,-0.87,0.262,3.662,-0.488,0.916
0.404,-0.885,0.276,3.784,0,0.854
0.403,-0.894,0.288,3.54,0.366,0.305
0.406,-0.898,0.289,3.784,0.61,0
0.41,-0.903,0.286,3.601,0.671,-0.061
0.416,-0.9,0.287,3.235,0.61,0.122
0.417,-0.898,0.294,2.808,0.549,0.183
0.423,-0.897,0.286,3.418,1.099,-0.122
0.425,-0.903,0.274,3.235,1.709,-0.305
0.37,-0.896,0.263,2.747,2.075,-0.061
0.164,-1.239,0.666,93.689,-12.512,-25.696
0.199,-1.126,0.616,92.346,-14.221,-24.475
0.126,-1.114,0.611,85.266,-17.151,-22.034
0.121,-1.233,0.631,55.725,-17.944,-9.705
0.126,-1.254,0.696,32.776,-19.958,-4.456
0.106,-1.194,0.708,15.686,-21.423,1.709
0.093,-1.178,0.722,4.517,-21.24,9.277
0.085,-1.159,0.728,-1.709,-19.836,17.273
0.075,-1.1,0.719,-1.831,-15.259,25.879
0.096,-1.088,0.673,3.235,-8.85,34.241
0.097,-1.091,0.628,7.446,-4.089,40.527
0.095,-1.047,0.597,8.362,-0.977,45.227
0.096,-1.016,0.592,9.766,1.16,49.133
0.093,-0.982,0.616,14.954,3.906,53.284
0.101,-0.953,0.639,24.536,7.629,56.885
0.126,-0.956,0.628,35.828,11.108,60.791
0.149,-0.971,0.591,45.654,13.184,64.331
0.175,-0.986,0.553,53.162,14.587,67.688
0.186,-0.975,0.529,61.096,15.686,70.801
0.197,-0.958,0.508,69.031,16.418,72.937
0.215,-0.952,0.487,74.036,16.724,73.792
0.236,-0.964,0.446,76.843,16.113,74.524
0.254,-0.964,0.399,82.458,15.93,75.989
0.251,-0.938,0.372,90.698,16.235,77.454
0.258,-0.952,0.362,97.229,15.564,78.064
0.281,-0.984,0.362,95.825,11.902,77.637
0.288,-0.977,0.38,85.632,5.737,77.881
0.287,-0.921,0.383,75.989,0,78.064
0.285,-0.873,0.362,74.28,-3.479,77.881
0.294,-0.867,0.355,79.041,-5.066,77.087
0.317,-0.891,0.342,84.167,-7.202,75.623
0.328,-0.906,0.314,84.045,-9.888,74.219
0.338,-0.9,0.298,78.491,-14.16,72.266
0.329,-0.867,0.308,70.862,-18.86,70.374
0.311,-0.829,0.325,65.247,-22.766,67.749
0.306,-0.804,0.322,64.575,-24.658,65.979
0.302,-0.798,0.306,67.688,-25.146,64.514
0.311,-0.823,0.293,70.984,-25.635,62.622
0.306,-0.835,0.291,70.374,-27.1,60.425
0.302,-0.81,0.282,67.444,-28.442,58.411
0.305,-0.799,0.281,64.331,-29.968,56.213
0.3,-0.794,0.274,62.195,-31.067,54.871
0.308,-0.816,0.277,60.364,-31.677,53.406
0.304,-0.822,0.276,55.908,-33.142,51.819
0.304,-0.81,0.281,49.866,-34.973,50.476
0.297,-0.785,0.283,42.603,-36.743,48.279
0.3,-0.76,0.28,32.043,-39.673,43.213
0.302,-0.741,0.285,28.625,-40.344,40.71
0.308,-0.752,0.282,25.085,-40.466,37.292
0.318,-0.747,0.275,20.386,-41.199,33.875
0.319,-0.738,0.269,17.822,-41.199,31.128
0.339,-0.759,0.284,16.357,-40.771,28.87
0.331,-0.757,0.304,15.32,-40.405,26.367
0.322,-0.766,0.327,15.137,-39.246,24.414
0.349,-0.783,0.339,14.832,-37.415,23.376
0.341,-0.786,0.346,12.024,-36.621,21.24
0.337,-0.783,0.352,8.118,-35.522,19.653
0.346,-0.77,0.335,8.118,-33.447,18.738
0.35,-0.775,0.334,10.498,-31.311,17.578
0.347,-0.786,0.345,11.353,-28.748,16.296
0.362,-0.781,0.365,10.62,-25.94,15.564
0.363,-0.79,0.371,9.338,-23.621,13.733
0.357,-0.79,0.37,7.141,-21.973,11.963
0.365,-0.794,0.386,4.639,-19.897,11.292
0.366,-0.789,0.407,2.075,-17.456,10.559
0.37,-0.787,0.399,1.831,-14.465,9.583
0.388,-0.796,0.365,4.822,-11.169,8.301
0.405,-0.814,0.323,8.179,-8.179,7.141
0.418,-0.841,0.298,9.46,-5.981,5.493
0.404,-0.851,0.29,8.606,-4.517,4.395
0.453,-0.885,0.286,7.141,-3.479,4.578
0.421,-0.891,0.283,4.272,-3.845,3.418
0.425,-0.895,0.283,1.404,-4.089,3.174
0.421,-0.873,0.275,-1.16,-4.578,3.296
0.422,-0.857,0.273,-2.014,-4.883,3.357
0.428,-0.86,0.276,-1.587,-4.333,3.052
0.433,-0.874,0.278,1.953,-3.052,2.991
0.433,-0.912,0.269,2.441,-2.93,3.357
0.434,-0.924,0.263,1.038,-3.235,3.906
0.431,-0.916,0.271,-2.38,-4.089,4.761
0.438,-0.917,0.287,-5.615,-4.578,5.615
0.438,-0.906,0.3,-8.301,-4.517,5.981
0.438,-0.889,0.301,-9.094,-3.906,6.287
0.44,-0.877,0.302,-7.202,-3.174,6.226
0.445,-0.883,0.293,-4.578,-2.319,6.226
0.45,-0.884,0.278,-3.845,-1.709,5.92
0.452,-0.875,0.283,-5.493,-1.648,5.676
0.446,-0.866,0.29,-6.897,-1.648,5.31
0.441,-0.859,0.299,-7.69,-1.953,4.822
0.437,-0.859,0.305,-8.057,-2.075,3.845
0.435,-0.854,0.301,-8.362,-2.197,3.296
0.436,-0.851,0.297,-7.202,-1.953,2.747
0.439,-0.862,0.295,-5.31,-1.526,2.136
0.44,-0.868,0.295,-3.845,-1.16,1.709
0.441,-0.865,0.297,-3.784,-0.854,1.465
0.442,-0.866,0.298,-3.784,-1.038,1.221
0.444,-0.864,0.292,-3.479,-0.732,0.977
0.446,-0.86,0.291,-2.808,-0.305,0.977
0.449,-0.853,0.29,-3.113,0,1.099
0.455,-0.86,0.294,-3.784,0.244,1.343
0.455,-0.861,0.296,-4.15,0.427,1.648
0.452,-0.857,0.285,-4.333,0.549,1.892
0.45,-0.852,0.279,-4.578,0.366,2.38
0.447,-0.849,0.291,-5.615,-0.305,2.747
0.441,-0.832,0.308,-6.47,-0.549,2.93
0.444,-0.833,0.31,-4.7,-0.061,2.686
0.444,-0.836,0.3,-1.587,0.671,1.953
0.447,-0.848,0.293,0.122,1.038,1.404
0.452,-0.845,0.282,0.183,0.916,1.038
0.451,-0.843,0.273,0.183,0.671,0.671
0.449,-0.844,0.275,0.366,0.427,0.61
0.448,-0.86,0.277,0.427,0.061,0.305
0.45,-0.865,0.273,0.732,-0.122,0.122
0.453,-0.857,0.274,1.038,-0.854,-0.183
0.453,-0.858,0.28,1.465,-1.77,-0.427
0.451,-0.86,0.294,1.648,-2.136,-0.793
0.453,-0.862,0.306,1.892,-2.563,-1.099
0.45,-0.862,0.307,2.197,-2.625,-1.282
0.451,-0.873,0.309,2.747,-2.441,-1.16
